INSERT INTO `agenda` (`id`, `uid`, `kode`, `id_notulen`, `agenda`, `ket`, `status`, `created_by`, `created_date`, `changed_date`) VALUES
(1, 'd10f5aed-75a5-41f5-b81d-7cec8faec097', 'el0402', 5, 'Agenda 1', 'ket 1', 'A', 1, '2025-09-29 00:00:00', '2025-09-29 22:31:05'),
(2, 'ccd2ae78-9f44-4211-9956-0aac4b365586', 'el0402', 5, 'Agenda 2', 'ket 2', 'D', 1, '2025-09-29 00:00:00', '2025-09-29 23:07:34'),
(3, 'e955d618-ba01-40bd-8759-c32c9662320d', 'el0402', 6, 'apa ya', 'bebas', 'A', 1, '2025-09-29 00:00:00', '2025-09-29 22:44:37'),
(4, '91a688fb-145e-4bd7-ad4c-4027a7dbdb99', 'el0402', 5, 'apa ya', 'next', 'A', 1, '2025-09-29 00:00:00', '2025-09-29 23:14:33'),
(5, 'd7dff85f-44f5-4963-a53f-5b5c090ad4cd', 'el0402', 7, 'prosedur kapal', 'aaa', 'A', 1, '2025-10-01 00:00:00', '2025-10-01 04:22:27'),
(6, '043b945e-7f33-4d87-8f5d-8e08dd235dca', 'el0402', 7, 'agenda 2', 'bbb', 'A', 1, '2025-10-01 00:00:00', '2025-10-01 04:22:27'),
(7, '5e83c4f8-0c25-4161-8e92-2ef84508d49d', 'el0402', 7, 'agenda 3', 'cccc', 'A', 1, '2025-10-01 00:00:00', '2025-10-01 04:22:27'),
(8, '965ab07c-240a-4ffb-b94b-5a74d5dc9a47', 'el0402', 7, 'agenda 4', 'ket 4', 'A', 1, '2025-10-02 00:00:00', '2025-10-02 07:32:50'),
(9, '81e527fe-d766-456b-94fc-66b03578fb63', 'el0404', 12, 'Safety Meeting Kapal', 'Rapat bulanan', 'A', 8, '2025-10-10 00:00:00', '2025-10-10 02:57:29'),
(10, 'd44fe1ae-49d9-40cf-8150-aaee72976abc', 'el0402', 14, 'rapat bulanan', 'rutin', 'A', 1, '2025-10-29 00:00:00', '2025-10-29 23:08:49'),
(11, '3347d598-2bc9-42de-bbbf-ca3f168903f9', 'el0403', 15, 'rapat bulanan', 'ket', 'A', 1, '2025-11-02 00:00:00', '2025-11-02 22:37:09');
INSERT INTO `akses` (`id`, `id_karyawan`, `id_menu`) VALUES
(11, 4, 3),
(12, 4, 4),
(13, 2, 2),
(14, 2, 8),
(15, 2, 3),
(16, 2, 4),
(17, 2, 6),
(30, 3, 2),
(31, 3, 8),
(32, 3, 3),
(33, 3, 4),
(34, 3, 7),
(35, 3, 6),
(42, 12, 8),
(43, 12, 9),
(44, 26, 17),
(45, 26, 1),
(46, 26, 2),
(47, 26, 8),
(48, 26, 10),
(49, 26, 9),
(50, 26, 3),
(51, 26, 4),
(52, 26, 13),
(53, 26, 14),
(54, 26, 15),
(55, 26, 16),
(56, 26, 18),
(57, 26, 19),
(58, 26, 20),
(59, 26, 21),
(60, 26, 22),
(61, 26, 23),
(62, 26, 24),
(63, 26, 25),
(64, 26, 26),
(65, 26, 27),
(66, 26, 28),
(67, 26, 29),
(68, 26, 30),
(69, 26, 31),
(70, 26, 32),
(71, 26, 33),
(72, 26, 34),
(73, 26, 35),
(74, 26, 36),
(75, 28, 17),
(76, 28, 1),
(77, 28, 2),
(78, 28, 8),
(79, 28, 10),
(80, 28, 9),
(81, 28, 3),
(82, 28, 4),
(83, 28, 13),
(84, 28, 14),
(85, 28, 15),
(86, 28, 16),
(87, 28, 18),
(88, 28, 19),
(89, 28, 20),
(90, 28, 21),
(91, 28, 22),
(92, 28, 23),
(93, 28, 24),
(94, 28, 25),
(95, 28, 26),
(96, 28, 27),
(97, 28, 28),
(98, 28, 29),
(99, 28, 30),
(100, 28, 31),
(101, 28, 32),
(102, 28, 33),
(103, 28, 34),
(104, 28, 35),
(105, 28, 36),
(106, 27, 17),
(107, 27, 1),
(108, 27, 2),
(109, 27, 8),
(110, 27, 10),
(111, 27, 9),
(112, 27, 3),
(113, 27, 4),
(114, 27, 13),
(115, 27, 14),
(116, 27, 15),
(117, 27, 16),
(118, 27, 18),
(119, 27, 19),
(120, 27, 20),
(121, 27, 21),
(122, 27, 22),
(123, 27, 23),
(124, 27, 24),
(125, 27, 25),
(126, 27, 26),
(127, 27, 27),
(128, 27, 28),
(129, 27, 29),
(130, 27, 30),
(131, 27, 31),
(132, 27, 32),
(133, 27, 33),
(134, 27, 34),
(135, 27, 35),
(136, 27, 36),
(164, 223, 17),
(165, 223, 2),
(166, 223, 8);
INSERT INTO `bbm` (`id`, `uid`, `kode`, `id_perusahaan`, `id_kapal`, `tanggal`, `waktu`, `no_pelayaran`, `pelabuhan`, `fo`, `mdo`, `ket`, `id_nahkoda`, `id_kkm`, `id_jaga`, `status`, `created_by`, `created_date`, `changed_by`, `changed_date`) VALUES
(1, '4000a61d-cb9b-4556-bd16-8379a31a6e1b', 'el0504', 3, 3, '2025-11-11', '14.00 WIB', '01/CTH25', 'Merak', '20 ton', '5 ton', NULL, 120, 123, 132, 'D', 1, '2025-11-11 07:59:46', NULL, '2025-11-11 08:02:39'),
(2, 'ed5e30d9-3ad8-43f6-992b-49120529818a', 'el0504', 1, 3, '2025-11-11', '14.00 WIB', '01/CTH25', 'Merak', '20 ton', '5 ton', NULL, 120, 123, 130, 'A', 1, '2025-11-11 08:00:57', 1, '2025-11-11 08:35:06');
INSERT INTO `checklist_alarm_detail` (`id`, `uid`, `kode`, `checklist_data_id`, `checklist_item_id`, `periode`, `uji_terakhir`, `uji_yad`, `ket`, `status`, `created_by`, `created_date`) VALUES
(6, '60c69a02-ac4c-4d56-973f-d2c6e5546d81', 'el0506', 14, 50, '11', 'bb', 'aa', 'oke', 'A', 1, '2025-11-11 13:59:54'),
(7, '47022f0a-0e15-4a8f-ae48-561759aed2ec', 'el0506', 14, 51, '11', 'dd', 'cc', 'baik', 'A', 1, '2025-11-11 13:59:54'),
(8, 'a44b2f06-e0ed-4729-b00a-acfb26add741', 'el0506', 14, 52, '11', 'ff', 'ee', 'siap', 'A', 1, '2025-11-11 13:59:54'),
(9, '3dda4b7f-d81b-4265-83df-777dabd198f5', 'el0506', 14, 53, '11', 'hh', 'gg', 'good', 'A', 1, '2025-11-11 13:59:54'),
(10, 'a4a2d2b0-dc5d-4ae6-a6ee-b29996ea9f70', 'el0506', 14, 54, '11', 'jj', 'ii', 'bagus', 'A', 1, '2025-11-11 13:59:54');
INSERT INTO `checklist_data` (`id`, `uid`, `kode`, `id_perusahaan`, `id_karyawan`, `id_jabatan`, `id_kapal`, `date`, `time`, `ket`, `note`, `id_mengetahui`, `id_mentor`, `status`, `created_by`, `created_date`, `changed_by`, `changed_date`) VALUES
(1, '34ff8883-5073-4502-8a28-6e82873728d6', 'el0302', 1, 16, 3, 1, '2025-09-13', NULL, NULL, 'sudah diberi penyuluhan', 3, 4, 'A', 1, '2025-09-12 20:49:40', 12, '2025-10-28 03:48:38'),
(2, '2b65a79d-145f-4192-b16f-6eab9066c175', 'el0303', 1, 12, 3, 2, '2025-09-12', NULL, NULL, 'Dilakukan untuk crew yang baru diterima atau crew yang baru untuk jabatan tertentu. \r\nDilakukan untuk masinis baru / mutasi sewaktu naik ke kapal  \r\nFamiliariisasi pada aspek Safety Managemen dan penggunaan peralatan keselamatan', 15, 4, 'A', 1, '2025-09-12 22:42:13', 1, '2025-10-28 03:48:43'),
(3, '834f2906-e785-41eb-b711-d4d38e702258', 'el0302', 1, 4, 5, 1, '2025-10-02', NULL, NULL, 'sudah dilakukan penyuluhan', 3, 4, 'A', 1, '2025-10-02 07:22:52', NULL, '2025-10-28 03:52:51'),
(4, 'a6b41cf9-e340-493b-a969-3d672f1cda0c', 'el0302', 3, 134, 26, 4, '2025-10-28', NULL, NULL, 'aaa bbb cccc dddd', 27, 139, 'A', 12, '2025-10-28 05:43:11', 12, '2025-10-28 07:04:36'),
(5, 'ca071838-e1fb-4fff-be13-ad8bf53d7654', 'el0501', 4, NULL, NULL, 5, '2025-11-05', '16:00 WIB', 'tengah laut', 'aman terkendali', 85, 84, 'A', 1, '2025-11-05 16:19:42', NULL, '2025-11-05 16:19:42'),
(6, 'db372a55-50aa-42df-a456-a16236099c44', 'el0502', 3, 121, 12, 3, '2025-11-05', NULL, 'Merak', 'aman bosss', 27, 132, 'A', 1, '2025-11-05 16:49:20', NULL, '2025-11-05 16:49:20'),
(7, '4b98db58-a5dd-4584-add4-c0986c31b8fa', 'el0511', 1, NULL, NULL, 1, '2025-11-06', NULL, NULL, 'siap!! sudah terlaksanakan', 3, 12, 'A', 1, '2025-11-05 17:08:01', NULL, '2025-11-05 17:08:01'),
(12, '0d3ecb1c-a473-4dda-8838-e0f5d8873608', 'el0505', 1, 86, NULL, 5, '2025-11-11', NULL, NULL, NULL, 84, 85, 'A', 1, '2025-11-11 04:32:02', 1, '2025-11-11 04:34:50'),
(13, '2d806d11-6cd3-40fc-8473-79ca3b0e7cad', 'el0506', 1, 31, NULL, 1, '2025-11-12', NULL, 'November', NULL, 3, 16, 'D', 1, '2025-11-11 20:44:57', NULL, '2025-11-11 20:46:22'),
(14, '8f2d8c51-2494-45b2-b24a-5ed29ffa7b14', 'el0506', 1, 32, NULL, 1, '2025-11-12', NULL, 'November', NULL, 3, 16, 'A', 1, '2025-11-11 20:46:09', 1, '2025-11-11 20:59:54'),
(15, '3a68f4e8-449c-45cd-8474-665d9b604af7', 'el0508', 3, NULL, NULL, 3, '2025-11-14', NULL, 'Merak', 'pembersihan ruangan', 120, 125, 'D', 1, '2025-11-13 22:05:37', NULL, '2025-11-14 02:55:59'),
(16, '4e508e9d-af78-4c4e-9e07-ce68513325d9', 'el0508', 3, NULL, NULL, 4, '2025-11-14', NULL, 'Merak', 'pembersihan ruang mesin', 156, 161, 'A', 1, '2025-11-14 02:57:03', 1, '2025-11-14 08:11:02'),
(17, '8d084f0d-9814-4aec-bf57-9006aebd6d9e', 'el0509', 3, 128, 19, 6, '2025-11-15', NULL, NULL, 'oke', 27, 120, 'A', 1, '2025-11-14 23:01:30', NULL, '2025-11-14 23:01:30'),
(18, 'a9d4636e-0818-41c5-84a3-7705a1e61a42', 'el0509', 3, 128, 19, 6, '2025-11-15', NULL, NULL, 'oke', 27, 120, 'A', 1, '2025-11-14 23:02:06', NULL, '2025-11-14 23:02:06'),
(19, '03ca5410-8073-4432-bb92-126aeeadd3f7', 'el0509', 3, 128, 19, 6, '2025-11-15', NULL, NULL, 'oke', 27, 120, 'A', 1, '2025-11-14 23:02:32', NULL, '2025-11-14 23:02:32'),
(20, 'a85be9ca-48ca-4ded-91d7-916d4e7157ed', 'el0509', 1, 28, 18, 2, '2025-11-06', NULL, NULL, 'lagi', 19, 3, 'A', 1, '2025-11-14 23:06:06', NULL, '2025-11-14 23:06:06'),
(21, 'e31417bf-9290-4302-b774-226c30361ac9', 'el0509', 4, 90, 16, 5, '2025-11-15', NULL, NULL, 'bismillah', 26, 84, 'A', 1, '2025-11-14 23:14:20', NULL, '2025-11-14 23:14:20'),
(22, 'a3050b29-ec72-4a0e-ad09-ceee58fc8428', 'el0509', 3, 126, 17, 4, '2025-11-15', NULL, NULL, 'jadi dong', 27, 120, 'A', 1, '2025-11-14 23:18:36', NULL, '2025-11-14 23:18:36'),
(23, '93acfc7e-fc9e-4955-b54d-f265bb87a0b2', 'el0509', 3, 122, 13, 3, '2025-11-07', NULL, NULL, 'hmm', 27, 120, 'A', 1, '2025-11-14 23:24:49', NULL, '2025-11-14 23:24:49'),
(24, 'c904ea4c-b5c0-46a3-b57e-71a903ac9fe5', 'el0304', 3, 126, 17, 3, '2025-08-01', NULL, NULL, 'done familiarisasi', 27, 27, 'A', 1, '2025-11-20 16:11:05', NULL, '2025-11-20 16:11:05');
INSERT INTO `checklist_data_detail` (`id`, `uid`, `kode`, `checklist_data_id`, `bbm_id`, `checklist_item_id`, `value`, `ket`, `status`, `created_by`, `created_date`) VALUES
(13, '5cc05b0c-eabc-4ebc-8928-9ee69d7b92fd', 'el0303', 2, NULL, 7, 1, NULL, 'A', 1, '2025-09-16 20:28:10'),
(14, '6f670bf4-2206-4f34-9c8c-917427f72482', 'el0303', 2, NULL, 8, 0, NULL, 'A', 1, '2025-09-16 20:28:15'),
(15, '2cc61442-dd6d-4542-b8c2-6c411527554e', 'el0303', 2, NULL, 9, 0, NULL, 'A', 1, '2025-09-16 20:28:19'),
(16, 'c2fde6c9-20a9-468b-b408-5cf463f9ec97', 'el0303', 2, NULL, 10, 1, NULL, 'A', 1, '2025-09-16 20:28:33'),
(17, '3ee462d9-d74a-4650-b924-a2991e4779dd', 'el0303', 2, NULL, 11, 1, NULL, 'A', 1, '2025-09-16 20:28:42'),
(18, '258bd464-9f0f-4ceb-b37c-9bc646e46e78', 'el0303', 2, NULL, 12, 0, NULL, 'A', 1, '2025-09-16 20:28:47'),
(35, '2d77f591-76fa-46fb-bfdb-ce00bab8b8a9', 'el0307', 1, NULL, 13, 1, 'sudah', 'A', 1, '2025-09-15 17:00:00'),
(36, '1d947c78-21f7-4edf-b20d-f17aabd2888a', 'el0307', 1, NULL, 14, 1, 'sesuai', 'A', 1, '2025-09-15 17:00:00'),
(37, '0d2939d8-d636-4380-a29c-b5bd378631c8', 'el0307', 1, NULL, 15, 0, 'tidak', 'A', 1, '2025-09-15 17:00:00'),
(38, 'cc9e8018-b85d-430f-85ad-f982141dc246', 'el0307', 1, NULL, 16, 0, 'tidak dilaksanakan', 'A', 1, '2025-09-15 17:00:00'),
(41, 'a2844262-7ff5-41ca-897d-13ea1a87a864', 'el0309', 1, NULL, 17, 0, 'tidak', 'A', 1, '2025-09-17 17:00:00'),
(42, '49991fbb-d2c2-443b-963f-a490b52210d6', 'el0309', 1, NULL, 18, 1, 'ya', 'A', 1, '2025-09-17 17:00:00'),
(43, 'bebda11d-ea7d-4451-a5d9-0493a0e789f5', 'el0302', 3, NULL, 1, 1, NULL, 'A', 1, '2025-10-02 00:22:52'),
(44, 'cbbe5646-c598-4e24-8475-bfd1bee07062', 'el0302', 3, NULL, 2, 1, NULL, 'A', 1, '2025-10-02 00:22:52'),
(45, 'ae2fab4b-3fe1-4ba9-a03a-d36e9aa70cc3', 'el0302', 3, NULL, 3, 0, NULL, 'A', 1, '2025-10-02 00:22:52'),
(46, 'd90d5bf5-ef66-48b8-9878-faea48d5d8ce', 'el0302', 3, NULL, 4, 1, NULL, 'A', 1, '2025-10-02 00:22:52'),
(47, '32bc6c69-f2de-40af-9886-984ac92d4825', 'el0302', 3, NULL, 5, 1, NULL, 'A', 1, '2025-10-02 00:22:52'),
(48, '2d0c7e81-576d-4ac3-aa1c-87fa37dccb40', 'el0302', 3, NULL, 6, 1, NULL, 'A', 1, '2025-10-02 00:22:52'),
(49, 'c0b2b660-4415-460d-aba0-1331a9fe12d3', 'el0307', 2, NULL, 13, 1, 'sudah', 'A', 1, '2025-10-02 00:28:38'),
(50, 'df5f4ec4-b614-402b-ae07-fdabddf89e58', 'el0307', 2, NULL, 14, 1, 'sesuai', 'A', 1, '2025-10-02 00:28:38'),
(51, 'e8f5c6d7-0f80-41bf-9295-1f9cb41fd65b', 'el0307', 2, NULL, 15, 0, 'belum', 'A', 1, '2025-10-02 00:28:38'),
(52, 'd5dac4a7-9591-4f5b-b1cc-340363ac991e', 'el0307', 2, NULL, 16, 1, 'laksanakan', 'A', 1, '2025-10-02 00:28:38'),
(53, '748f29a8-f162-44fd-a099-2ca9c19c185e', 'el0309', 2, NULL, 18, 1, 'ya', 'A', 1, '2025-10-01 17:00:00'),
(54, 'e12b7343-48ab-4077-afca-b8c7a0de4501', 'el0309', 2, NULL, 17, 0, 'tidak', 'A', 1, '2025-10-01 17:00:00'),
(55, 'f6ae1c4c-dd29-4c87-be0d-bf694f6817f8', 'el0302', 1, NULL, 1, 0, NULL, 'A', 12, '2025-10-21 06:12:48'),
(56, 'e3d919c8-2a27-49dd-a223-7fae8a81cffd', 'el0302', 1, NULL, 2, 1, NULL, 'A', 12, '2025-10-21 06:12:48'),
(57, 'abd1ade6-b96e-41e1-ad5c-d2db3cbe36eb', 'el0302', 1, NULL, 3, 1, NULL, 'A', 12, '2025-10-21 06:12:48'),
(58, 'e850c2a5-496f-4ed6-869b-db47824418e0', 'el0302', 1, NULL, 4, 1, NULL, 'A', 12, '2025-10-21 06:12:48'),
(59, '23bfc93d-d5e8-40ea-92dc-1d2f774e4ce5', 'el0302', 1, NULL, 5, 1, NULL, 'A', 12, '2025-10-21 06:12:48'),
(60, '93aec8bf-6b1a-4603-babc-61f112cb76ca', 'el0302', 1, NULL, 6, 0, NULL, 'A', 12, '2025-10-21 06:12:48'),
(66, 'f73e2925-3723-4790-8e6f-aa56d0ceda08', 'el0302', 4, NULL, 1, 1, NULL, 'A', 12, '2025-10-28 07:04:36'),
(67, '5fdd0058-d54f-4a25-93bc-37bb74c76cff', 'el0302', 4, NULL, 2, 1, NULL, 'A', 12, '2025-10-28 07:04:36'),
(68, '0dc29730-33bf-435c-a434-4c757dac30ff', 'el0302', 4, NULL, 3, 1, NULL, 'A', 12, '2025-10-28 07:04:36'),
(69, 'b1500fbe-aba6-4491-b2df-f792a79a6f22', 'el0302', 4, NULL, 5, 1, NULL, 'A', 12, '2025-10-28 07:04:36'),
(70, '315cbb50-ae1b-496f-888f-d9aa45a786ae', 'el0302', 4, NULL, 6, 1, NULL, 'A', 12, '2025-10-28 07:04:36'),
(71, '3602ca93-60bd-40a6-98f7-6a5ea12bafa6', 'el0307', 3, NULL, 13, 1, 'ya', 'A', 12, '2025-10-28 00:28:30'),
(72, '3a6992f3-6e6e-4e2b-9319-bc823f56e81c', 'el0307', 3, NULL, 14, 0, 'tidak', 'A', 12, '2025-10-28 00:28:30'),
(73, 'c2fc88b8-ff90-4105-a5ff-fe50aa601149', 'el0307', 3, NULL, 15, 1, 'oke', 'A', 12, '2025-10-28 00:28:30'),
(74, 'b3f25d61-64ff-4841-89b0-aa9cb15d5464', 'el0307', 3, NULL, 16, 1, 'done', 'A', 12, '2025-10-28 00:28:30'),
(75, 'f3c11195-fd02-4fea-9025-cffbcea1d4a1', 'el0501', 5, NULL, 22, 1, NULL, 'A', 1, '2025-11-05 09:19:42'),
(76, '8bd5c436-5622-4f7c-aadb-4efb8cca560d', 'el0501', 5, NULL, 23, 1, NULL, 'A', 1, '2025-11-05 09:19:42'),
(77, '06b9b12f-35ae-4e68-9fc0-7ba73a094a26', 'el0501', 5, NULL, 24, 1, NULL, 'A', 1, '2025-11-05 09:19:42'),
(78, '56cce35a-07de-4fa9-895f-c520305a1605', 'el0502', 6, NULL, 25, 1, NULL, 'A', 1, '2025-11-05 09:49:20'),
(79, 'dfa86c31-f9ff-4001-ad92-b15bcc80bed5', 'el0502', 6, NULL, 26, 1, NULL, 'A', 1, '2025-11-05 09:49:20'),
(80, '00d9e0e9-47c9-4ba0-961c-57064e08db3b', 'el0502', 6, NULL, 27, 1, NULL, 'A', 1, '2025-11-05 09:49:20'),
(81, 'ef13c022-276a-410d-a2b9-758c6d7989d6', 'el0502', 6, NULL, 28, 0, NULL, 'A', 1, '2025-11-05 09:49:20'),
(82, 'e554df7c-272f-4025-893d-1fab379c12a7', 'el0502', 6, NULL, 29, 1, NULL, 'A', 1, '2025-11-05 09:49:20'),
(83, 'c91c2b7c-cbec-4d39-b3e3-34c2fbd2f346', 'el0511', 7, NULL, 30, 1, NULL, 'A', 1, '2025-11-05 10:08:01'),
(84, '2df62732-fec4-474d-86dd-dbe8beec2bb2', 'el0511', 7, NULL, 31, 1, NULL, 'A', 1, '2025-11-05 10:08:01'),
(85, 'd6636a59-948a-4311-96d3-eec2a1428727', 'el0511', 7, NULL, 32, 1, NULL, 'A', 1, '2025-11-05 10:08:01'),
(131, 'bd7e6843-ffb8-4af7-bc95-eb05fd8447ba', 'el0505', 12, NULL, 34, 0, NULL, 'A', 1, '2025-11-10 21:38:44'),
(132, 'd589e478-a123-486d-bb98-a576ecb2fab8', 'el0505', 12, NULL, 35, 1, NULL, 'A', 1, '2025-11-10 21:38:44'),
(133, 'bb638f92-87a6-42aa-a204-5fff4a24d37f', 'el0505', 12, NULL, 36, 1, NULL, 'A', 1, '2025-11-10 21:38:44'),
(134, 'f6e7ed5f-8eea-4211-81e6-cd888fc05151', 'el0505', 12, NULL, 37, 1, NULL, 'A', 1, '2025-11-10 21:38:44'),
(135, '69232f93-98b3-42f6-b4a7-3c670e31fe5c', 'el0505', 12, NULL, 33, 0, 'semuanya berfungsi baik', 'A', 1, '2025-11-10 21:38:44'),
(136, '0631c9fa-15e1-4556-8b93-41c8b1f0544f', 'el0505', 12, NULL, 39, 1, NULL, 'A', 1, '2025-11-10 21:38:44'),
(137, 'b057492e-3bb2-47c2-bef 9-be6a898f5697', 'el0505', 12, NULL, 40, 1, NULL, 'A', 1, '2025-11-10 21:38:44'),
(138, '59961896-71cc-4513-9e35-fd3bc3a20dbc', 'el0505', 12, NULL, 38, 0, NULL, 'A', 1, '2025-11-10 21:38:44'),
(171, '34f974d4-edc7-41e5-a08e-8d309ff3ed9e', 'el0504', NULL, 2, 41, 0, NULL, 'A', 1, '2025-11-11 01:42:29'),
(172, 'e4c77f1f-befe-4dca-8006-d9e7a6cd4341', 'el0504', NULL, 2, 42, 1, NULL, 'A', 1, '2025-11-11 01:42:29'),
(173, 'ac06d306-4aca-4957-87dc-a3c1d4376cd7', 'el0504', NULL, 2, 43, 1, NULL, 'A', 1, '2025-11-11 01:42:29'),
(174, 'fd7d2466-0961-487b-b6d3-28a389ccf6f8', 'el0504', NULL, 2, 44, 1, NULL, 'A', 1, '2025-11-11 01:42:29'),
(175, 'eb8d7b0e-f41f-4fef-8697-8d945792ab2e', 'el0504', NULL, 2, 49, 1, NULL, 'A', 1, '2025-11-11 01:42:29'),
(176, '8ec417fa-ca37-4912-b3a6-8b0628ff7d65', 'el0504', NULL, 2, 45, 0, NULL, 'A', 1, '2025-11-11 01:42:29'),
(177, '2fa93e6d-7df0-4785-9e07-2f68188d42d1', 'el0504', NULL, 2, 46, 1, NULL, 'A', 1, '2025-11-11 01:42:29'),
(178, '5566d04f-ff80-4509-b10f-56e108730ffa', 'el0504', NULL, 2, 47, 0, NULL, 'A', 1, '2025-11-11 01:42:29'),
(179, 'aa41cbaa-12d0-4682-b647-b0c02c4af4fb', 'el0504', NULL, 2, 48, 1, NULL, 'A', 1, '2025-11-11 01:42:29'),
(180, '245a1a18-970b-4485-b520-341a74807fef', 'el0508', NULL, NULL, 55, 1, NULL, 'A', 1, '2025-11-13 14:39:26'),
(181, 'a74b13c6-37b2-45cc-8e96-95c3a81176e5', 'el0508', NULL, NULL, 56, 1, NULL, 'A', 1, '2025-11-13 14:39:26'),
(182, '532ccc1e-f189-4a33-a8c5-9fbaddc3102c', 'el0508', NULL, NULL, 57, 0, NULL, 'A', 1, '2025-11-13 14:39:26'),
(183, '76cb4029-6402-4a40-baf9-a8fb3d97a30b', 'el0508', NULL, NULL, 58, 1, NULL, 'A', 1, '2025-11-13 14:39:26'),
(184, '8b824d58-ed7d-4e9a-98d5-52d090150aa4', 'el0508', NULL, NULL, 55, 0, NULL, 'A', 1, '2025-11-13 15:00:16'),
(185, '23ae32c4-8bd3-4f92-825e-d028995601f5', 'el0508', NULL, NULL, 56, 1, NULL, 'A', 1, '2025-11-13 15:00:16'),
(186, '1b550d6b-5ecc-47c1-9b2a-85932f42e70c', 'el0508', NULL, NULL, 57, 1, NULL, 'A', 1, '2025-11-13 15:00:16'),
(187, 'c642e017-fab5-46fb-baf1-b0be43599eef', 'el0508', NULL, NULL, 58, 1, NULL, 'A', 1, '2025-11-13 15:00:16'),
(188, 'fe7562cd-5c32-4910-a76a-dd5cccf018dd', 'el0508', 15, NULL, 55, 0, NULL, 'A', 1, '2025-11-13 22:07:17'),
(189, '9dfcab05-bc07-4a59-8b20-0542decf81de', 'el0508', 15, NULL, 56, 1, NULL, 'A', 1, '2025-11-13 22:07:30'),
(190, 'd0ecdb60-cee4-4f07-9477-44c077a41218', 'el0508', 15, NULL, 57, 1, NULL, 'A', 1, '2025-11-13 22:07:25'),
(191, '9acb6586-36a8-49b7-b68a-351f471aadf0', 'el0508', 15, NULL, 58, 1, NULL, 'A', 1, '2025-11-13 22:07:34'),
(196, '5ca1eb13-89d6-435f-a505-482de2f312ba', 'el0508', 16, NULL, 55, 1, NULL, 'A', 1, '2025-11-14 01:14:46'),
(197, '9ca58dd8-26f8-40ac-966f-1298b48bfb9a', 'el0508', 16, NULL, 56, 1, NULL, 'A', 1, '2025-11-14 01:14:46'),
(198, '4668a739-1247-4244-ab1b-e7075b9b50c5', 'el0508', 16, NULL, 57, 1, NULL, 'A', 1, '2025-11-14 01:14:46'),
(199, '9e1197b8-94ea-4534-b48e-020b9dc1e2e0', 'el0508', 16, NULL, 58, 1, NULL, 'A', 1, '2025-11-14 01:14:46'),
(200, '8e2aa155-72b2-4ede-a4e3-6e460805bfd3', 'el0509', 19, NULL, 59, 1, '<p><span lang=\"SV\" style=\"font-size: 14.0pt; font-family: \'Times New Roman\',serif; mso-fareast-font-family: \'Times New Roman\'; mso-ansi-language: SV; mso-fareast-language: EN-US; mso-bidi-language: AR-SA;\">Saya telah menyetujui waktu interval untuk melaporkan dalam <input class=\"form-control\" size=\"5\" type=\"text name=\" text\"=\"\"> menit.</span></p>  \n                                                 <textarea name=\"item_text[59]\" class=\"d-none tinymce-area\"></textarea>', 'A', 1, '2025-11-14 23:03:00'),
(201, '88b296c5-08f1-4a7e-8315-91cadff7e9e5', 'el0509', 19, NULL, 60, 1, '<p><span lang=\"SV\" style=\"font-size: 14.0pt; font-family: \'Times New Roman\',serif; mso-fareast-font-family: \'Times New Roman\'; mso-ansi-language: SV; mso-fareast-language: EN-US; mso-bidi-language: AR-SA;\">Oksigen <input class=\"form-control\" size=\"5\" type=\"text name=\" text\"=\"\"> <span lang=\"IN\" style=\"font-size: 14.0pt; font-family: \'Times New Roman\',serif; mso-fareast-font-family: \'Times New Roman\'; mso-ansi-language: IN; mso-fareast-language: EN-US; mso-bidi-language: AR-SA;\">% vol (21%)</span></span></p>  \r\n                                                 <textarea name=\"item_text[60]\" class=\"d-none tinymce-area\"></textarea>', 'A', 1, '2025-11-14 16:02:32'),
(202, '4d1a6955-f30c-45fc-934a-cf9fff67261d', 'el0509', 19, NULL, 61, 0, '<p><span lang=\"SV\" style=\"font-size: 14.0pt; font-family: \'Times New Roman\',serif; mso-fareast-font-family: \'Times New Roman\'; mso-ansi-language: SV; mso-fareast-language: EN-US; mso-bidi-language: AR-SA;\">Gas beracun <input class=\"form-control\" size=\"5\" type=\"text name=\" text\"=\"\"> <span lang=\"IN\" style=\"font-size: 14.0pt; font-family: \'Times New Roman\',serif; mso-fareast-font-family: \'Times New Roman\'; mso-ansi-language: IN; mso-fareast-language: EN-US; mso-bidi-language: AR-SA;\">% ppm (kurang 50% OEL gas tertentu)</span></span></p>  \r\n                                                 <textarea name=\"item_text[61]\" class=\"d-none tinymce-area\"></textarea>', 'A', 1, '2025-11-14 16:02:32'),
(203, '52f7b2ff-f1f1-483d-ad35-4030c5149c2b', 'el0509', 20, NULL, 59, 1, '<p><span lang=\"SV\" style=\"font-size: 14.0pt; font-family: \'Times New Roman\',serif; mso-fareast-font-family: \'Times New Roman\'; mso-ansi-language: SV; mso-fareast-language: EN-US; mso-bidi-language: AR-SA;\">Saya telah menyetujui waktu interval untuk melaporkan dalam <input class=\"form-control\" size=\"5\" type=\"text name=\" text\"=\"\"> menit.</span></p>  \r\n                                                 <textarea name=\"item_text[59]\" class=\"d-none tinymce-area\"></textarea>', 'A', 1, '2025-11-14 16:06:06'),
(204, 'd736445d-864c-471c-bc82-2232410ff103', 'el0509', 20, NULL, 60, 0, '<p><span lang=\"SV\" style=\"font-size: 14.0pt; font-family: \'Times New Roman\',serif; mso-fareast-font-family: \'Times New Roman\'; mso-ansi-language: SV; mso-fareast-language: EN-US; mso-bidi-language: AR-SA;\">Oksigen <input class=\"form-control\" size=\"5\" type=\"text name=\" text\"=\"\"> <span lang=\"IN\" style=\"font-size: 14.0pt; font-family: \'Times New Roman\',serif; mso-fareast-font-family: \'Times New Roman\'; mso-ansi-language: IN; mso-fareast-language: EN-US; mso-bidi-language: AR-SA;\">% vol (21%)</span></span></p>  \r\n                                                 <textarea name=\"item_text[60]\" class=\"d-none tinymce-area\"></textarea>', 'A', 1, '2025-11-14 16:06:06'),
(205, '2fd08383-48c9-4bd1-b64f-f935ffe62a06', 'el0509', 20, NULL, 61, 1, '<p><span lang=\"SV\" style=\"font-size: 14.0pt; font-family: \'Times New Roman\',serif; mso-fareast-font-family: \'Times New Roman\'; mso-ansi-language: SV; mso-fareast-language: EN-US; mso-bidi-language: AR-SA;\">Gas beracun <input class=\"form-control\" size=\"5\" type=\"text name=\" text\"=\"\"> <span lang=\"IN\" style=\"font-size: 14.0pt; font-family: \'Times New Roman\',serif; mso-fareast-font-family: \'Times New Roman\'; mso-ansi-language: IN; mso-fareast-language: EN-US; mso-bidi-language: AR-SA;\">% ppm (kurang 50% OEL gas tertentu)</span></span></p>  \r\n                                                 <textarea name=\"item_text[61]\" class=\"d-none tinymce-area\"></textarea>', 'A', 1, '2025-11-14 16:06:06'),
(206, '2748da48-f5c1-4057-bf7e-c8d9a0a549d7', 'el0509', 21, NULL, 59, 1, NULL, 'A', 1, '2025-11-14 16:14:20'),
(207, '9e832627-0293-4a8c-8a1c-a594693734c8', 'el0509', 21, NULL, 60, 0, NULL, 'A', 1, '2025-11-14 16:14:20'),
(208, '7d66217c-7733-4265-8b7b-f7540b22e124', 'el0509', 21, NULL, 61, 1, NULL, 'A', 1, '2025-11-14 16:14:20'),
(209, 'b173f6b4-1349-4e6e-8cff-3bb4e74e9493', 'el0509', 22, NULL, 59, 1, NULL, 'A', 1, '2025-11-14 16:18:36'),
(210, '6fc441bc-3295-4341-a204-9a4cc481eb2c', 'el0509', 22, NULL, 60, 1, NULL, 'A', 1, '2025-11-14 16:18:36'),
(211, 'e3a58ffd-6feb-4988-a864-1666d6d6ae7f', 'el0509', 22, NULL, 61, 0, NULL, 'A', 1, '2025-11-14 16:18:36'),
(212, '11725282-28e0-4a71-ad25-dafaafb8d830', 'el0509', 23, NULL, 59, 1, '<p><span lang=\"SV\" style=\"font-size: 14.0pt; font-family: \'Times New Roman\',serif; mso-fareast-font-family: \'Times New Roman\'; mso-ansi-language: SV; mso-fareast-language: EN-US; mso-bidi-language: AR-SA;\">Saya telah menyetujui waktu interval untuk melaporkan dalam <input class=\"form-control\" size=\"5\" type=\"text name=\" text\"=\"\"> menit.</span></p>\n                                                    <textarea name=\"item_text[59]\" class=\"hasilText d-none\"></textarea>', 'A', 1, '2025-11-14 23:25:21'),
(213, '2716431a-885f-4eb6-a816-42d7e9ab70d8', 'el0509', 23, NULL, 60, 1, '<p><span lang=\"SV\" style=\"font-size: 14.0pt; font-family: \'Times New Roman\',serif; mso-fareast-font-family: \'Times New Roman\'; mso-ansi-language: SV; mso-fareast-language: EN-US; mso-bidi-language: AR-SA;\">Oksigen <input class=\"form-control\" size=\"5\" type=\"text name=\" text\"=\"\"> <span lang=\"IN\" style=\"font-size: 14.0pt; font-family: \'Times New Roman\',serif; mso-fareast-font-family: \'Times New Roman\'; mso-ansi-language: IN; mso-fareast-language: EN-US; mso-bidi-language: AR-SA;\">% vol (21%)</span></span></p>\r\n                                                    <textarea name=\"item_text[60]\" class=\"hasilText d-none\"></textarea>', 'A', 1, '2025-11-14 16:24:49'),
(214, '48c28eb3-6788-414a-939c-e30796ddad40', 'el0509', 23, NULL, 61, 1, '<p><span lang=\"SV\" style=\"font-size: 14.0pt; font-family: \'Times New Roman\',serif; mso-fareast-font-family: \'Times New Roman\'; mso-ansi-language: SV; mso-fareast-language: EN-US; mso-bidi-language: AR-SA;\">Gas beracun <input class=\"form-control\" size=\"5\" type=\"text name=\" text\"=\"\"> <span lang=\"IN\" style=\"font-size: 14.0pt; font-family: \'Times New Roman\',serif; mso-fareast-font-family: \'Times New Roman\'; mso-ansi-language: IN; mso-fareast-language: EN-US; mso-bidi-language: AR-SA;\">% ppm (kurang 50% OEL gas tertentu)</span></span></p>\r\n                                                    <textarea name=\"item_text[61]\" class=\"hasilText d-none\"></textarea>', 'A', 1, '2025-11-14 16:24:49'),
(215, 'f9bb3315-96ff-4864-bf43-cde3bc8ab979', 'el0304', 24, NULL, 73, 1, NULL, 'A', 1, '2025-11-20 09:11:05'),
(216, '24e8ce17-b91c-449f-8b6c-d8c355e00d60', 'el0304', 24, NULL, 74, 1, NULL, 'A', 1, '2025-11-20 09:11:05'),
(217, '5a6ea14e-a9e2-4bfe-bb2b-398d37b846c9', 'el0304', 24, NULL, 75, 1, NULL, 'A', 1, '2025-11-20 09:11:05');
INSERT INTO `checklist_detail_508` (`id`, `uid`, `checklist_data_id`, `nama`, `status`, `created_by`, `created_date`, `changed_by`, `changed_date`) VALUES
(6, '24ce3ec2-2aeb-464a-9c45-1390e6e722f7', 16, 'Tria', 'A', 1, '2025-11-14 08:12:08', NULL, '2025-11-14 08:12:08'),
(7, '94c677c7-b34b-41d2-8d16-e74c5c06a246', 16, 'Bagus', 'A', 1, '2025-11-14 08:12:08', NULL, '2025-11-14 08:12:08'),
(8, '6966a92a-144b-4268-b1dc-474750eb8705', 16, 'Agus', 'A', 1, '2025-11-14 08:14:46', NULL, '2025-11-14 08:14:46'),
(9, '50891430-9c97-46e9-93be-a7f6703a95e4', 16, 'Dudung', 'A', 1, '2025-11-14 08:14:46', NULL, '2025-11-14 08:14:46');
INSERT INTO `checklist_evaluasi_detail` (`id`, `uid`, `kode`, `evaluasi_id`, `checklist_item_id`, `value`, `ket`, `status`, `created_by`, `created_date`) VALUES
(12, '3e68a67e-ec05-444a-b71e-c59ab20bd92d', 'el0605', 1, 62, 0, NULL, 'A', 1, '2025-11-21 08:20:49'),
(13, 'e5b6d92d-2d73-4993-90a3-a90e75b05c45', 'el0605', 1, 63, 1, NULL, 'A', 1, '2025-11-21 08:20:49'),
(14, '764978db-84db-4ddb-804b-e868b0c06ce2', 'el0605', 1, 64, 4, NULL, 'A', 1, '2025-11-21 08:20:49'),
(15, 'dd5ca71e-a250-4391-8d26-3b26ee672d2c', 'el0605', 1, 65, 4, NULL, 'A', 1, '2025-11-21 08:20:49'),
(16, 'a4059245-1862-4b77-8b73-ad3d5c41ec25', 'el0605', 1, 66, 4, NULL, 'A', 1, '2025-11-21 08:20:49'),
(17, 'ec312b50-cb3c-4f7c-8d43-c9c1001cd83c', 'el0605', 1, 67, 3, NULL, 'A', 1, '2025-11-21 08:20:49'),
(18, '3d1d3858-eee4-49e6-8185-dd9265d5b066', 'el0605', 1, 68, 4, NULL, 'A', 1, '2025-11-21 08:20:49'),
(19, 'ab5b5c00-ef5c-4abd-846b-8a1000e8396b', 'el0605', 1, 69, 4, NULL, 'A', 1, '2025-11-21 08:20:49'),
(20, 'b58f7dfd-9759-46da-981d-3ce85e340b71', 'el0605', 1, 70, 0, NULL, 'A', 1, '2025-11-21 08:20:49'),
(21, '07ae5818-6f39-42ab-bf99-2d92c22f1ecb', 'el0605', 1, 71, 3, NULL, 'A', 1, '2025-11-21 08:20:49'),
(22, '63da531f-e8c5-47f6-b168-0850f17ca1b3', 'el0605', 1, 72, 2, NULL, 'A', 1, '2025-11-21 08:20:49'),
(31, '3d589462-23f8-4a00-bfed-305c007f77cb', 'el0604', 2, 76, 0, NULL, 'A', 1, '2025-11-22 23:19:29'),
(32, '3ae80e94-55d7-42ef-a6b8-8a473db4b4f0', 'el0604', 2, 77, 3, NULL, 'A', 1, '2025-11-22 23:19:29'),
(33, '7ba7294d-1bc1-41d3-9d02-86ac52173143', 'el0604', 2, 78, 4, NULL, 'A', 1, '2025-11-22 23:19:29'),
(34, '1df8d995-7821-4877-b115-b41bb4be2f58', 'el0604', 2, 79, 4, NULL, 'A', 1, '2025-11-22 23:19:29'),
(35, '980791cb-b20b-40f4-a516-6ce436d4a97d', 'el0604', 2, 80, 2, NULL, 'A', 1, '2025-11-22 23:19:29'),
(36, '3d00caa5-61ae-4d26-87c3-5a61cc6b5e3d', 'el0604', 2, 81, 0, NULL, 'A', 1, '2025-11-22 23:19:29'),
(37, '975a3ac7-8814-407f-bab3-1fc9762c5f2d', 'el0604', 2, 82, 3, NULL, 'A', 1, '2025-11-22 23:19:29'),
(38, '04c8d6e5-fe38-454c-b82f-269f4470f7d4', 'el0604', 2, 83, 4, NULL, 'A', 1, '2025-11-22 23:19:29');
INSERT INTO `checklist_interview_detail` (`id`, `uid`, `kode`, `interview_id`, `checklist_item_id`, `value`, `ket`, `status`, `created_by`, `created_date`) VALUES
(17, 'edc0e4b9-d420-416f-8177-1d7a3756d840', 'el0607', 1, 84, 1, 'sesuai', 'A', 1, '2025-11-24 19:36:38'),
(18, '9d1f0d52-cef2-4264-80f2-5cca6a707e6a', 'el0607', 1, 85, 1, 'sesuai', 'A', 1, '2025-11-24 19:36:38'),
(19, '44ca70c7-5904-4904-b1f0-500a2f393e71', 'el0607', 1, 86, 1, 'sesuai', 'A', 1, '2025-11-24 19:36:38'),
(20, 'a3c9c701-7663-403f-8b2c-9c85b77270ba', 'el0607', 1, 87, 0, 'tidak sesuai', 'A', 1, '2025-11-24 19:36:38');
INSERT INTO `checklist_item` (`id`, `uid`, `kode`, `item`, `parent_id`, `status`, `created_by`, `created_date`, `changed_by`, `changed_date`) VALUES
(1, '2b551051-d814-45ff-8bd8-888b4bf96cbb', 'el0302', 'Peratuan Personalia di dalam Perusahaan ( jam kerja, disiplin, gaji, cuti dan sebagainya)', 0, 'A', 1, '2025-09-11 00:00:00', NULL, '2025-09-11 22:02:23'),
(2, '3fdf11e9-62d0-41a4-aaf7-2d875629dfac', 'el0302', 'Kebijakan Keselamatan Perusahaan', 0, 'A', 1, '2025-09-11 00:00:00', NULL, '2025-09-11 21:50:40'),
(3, '64f41a5d-5ccb-4b23-a785-d9ba7e7bfaac', 'el0302', 'Dokumen Sistim Manajemen Keselamatan', 0, 'A', 1, '2025-09-11 00:00:00', NULL, '2025-09-11 22:05:40'),
(4, '3fe37768-705f-45d2-95a6-8957430efb4b', 'el0302', 'Tugas dan Tanggung Jawab di Kapal', 0, 'A', 1, '2025-09-11 00:00:00', NULL, '2025-09-11 22:04:44'),
(5, '91bbfe4e-13cd-4db7-acda-1a64f2d5d985', 'el0302', 'Prosedur terkait di dalam operasional kapal', 0, 'A', 1, '2025-09-11 00:00:00', NULL, '2025-09-11 22:05:00'),
(6, '42ef10ab-62a5-41d2-b2b8-e0abf5711d12', 'el0302', 'Prosedur terkait jika kapal dalam keadaan darurat', 0, 'A', 1, '2025-09-11 00:00:00', NULL, '2025-09-11 22:05:21'),
(7, '1aef1957-b2a8-45f9-8899-8661254689d5', 'el0303', 'Mengetahui tugas dan tanggung jawabnya di kapal', 0, 'A', 1, '2025-09-12 00:00:00', NULL, '2025-09-12 22:27:26'),
(8, 'b1da871c-94b0-48d3-aa58-79768bb073c2', 'el0303', 'Mengetahui keadaan darurat, tempat berkumpul, latihan sekoci dan tugas-tugasnya.', 0, 'A', 1, '2025-09-12 00:00:00', NULL, '2025-09-12 22:27:55'),
(9, '6d8914e0-e5a2-4fb1-a1a4-08c617b48eea', 'el0303', 'Mengetahui keadaan darurat, sinyal tanda bahaya dan sinyal meninggalkan kapal', 0, 'D', 1, '2025-09-12 00:00:00', NULL, '2025-09-12 22:58:22'),
(10, '7e2be078-5361-41d8-880d-8f521b3f0e0b', 'el0303', 'Mengetahui lokasi dan menjalankan alarm kebakaran dan lokasi yang diijinkan untuk merokok', 0, 'A', 1, '2025-09-12 00:00:00', NULL, '2025-09-12 22:29:14'),
(11, '499dd5e3-aecb-4021-8b36-8a189c0ba0ba', 'el0303', 'Mengetahui lay-out kapal dan jalan keluar, khususnya jalan terdekat dari ruang kabinnya menuju sekoci atau tempat berkumpul (muster station)', 0, 'A', 1, '2025-09-12 00:00:00', NULL, '2025-09-12 22:30:10'),
(12, '4b50ef4e-bbaf-420e-9a14-98bafa10ee28', 'el0303', 'Mengetahui lokasi peralatan Navigasi, termasuk lampu darurat dan sinyal', 0, 'A', 1, '2025-09-12 00:00:00', NULL, '2025-09-12 22:39:43'),
(13, '492862a9-55d0-48d8-b41c-615d3aed4265', 'el0307', 'Sertifikat dan dokumen kapal lengkap dan dalam keadan baik', 0, 'A', 1, '2025-09-15 00:00:00', NULL, '2025-09-15 23:02:58'),
(14, '7026e846-9755-42d8-9875-297c359ddf6b', 'el0307', 'Jumlah ban bakar sesuai dengan hasil pendugaan pada tangki bahan bakar', 0, 'A', 1, '2025-09-15 00:00:00', NULL, '2025-09-15 23:03:09'),
(15, '9b192b86-41ff-441f-bfeb-fc5d8a2560ba', 'el0307', 'Pengisian bahan bakar telah dilaksanakan', 0, 'A', 1, '2025-09-15 00:00:00', NULL, '2025-09-15 23:03:19'),
(16, '86725c26-0408-418d-9ad4-5b4379025c55', 'el0307', 'Permintaan suku cadang dilaksanakan peralatan perlengkapan', 0, 'A', 1, '2025-09-15 00:00:00', NULL, '2025-09-15 23:03:29'),
(17, '2f0f6b81-fa08-4881-8a1e-264ae4ba545b', 'el0309', 'Intrumentasi 1', 0, 'A', 1, '2025-09-17 00:00:00', NULL, '2025-09-17 22:17:59'),
(18, '505765b5-fed5-48b4-bfbc-2627c695576f', 'el0309', 'Instrumentasi 2', 0, 'A', 1, '2025-09-17 00:00:00', NULL, '2025-09-17 22:18:16'),
(19, 'fef71b1b-fbf8-473c-86bc-0fd8b385d8f3', 'el0302', 'Prosedur tentang perawatan kapal', 0, 'D', 1, '2025-10-02 00:00:00', NULL, '2025-10-02 07:21:55'),
(20, '42aaeb3c-63b9-4ed3-b589-69667d3af90a', 'el0309', 'Instrumen 3', 0, 'A', 1, '2025-10-02 00:00:00', NULL, '2025-10-02 07:30:54'),
(21, 'ffe1454b-e0c0-4d63-a2cb-58341aae6059', 'el0501', 'Apakah hal berikut di informasikan ? \na.	Radar, ARPA atau fasilitas ploting lainnya \nb.	Pengemudian manual \nc.	VHF \nd.	Peralatan sinyal kabut \ne.	Lampu-lampu navigasi', 0, 'D', 1, '2025-11-05 00:00:00', NULL, '2025-11-05 15:35:06'),
(22, '31d866ab-2b73-4670-9c66-c72b85891352', 'el0501', '<p class=\"MsoNormal\"><span lang=\"SV\" style=\"font-size: 10pt; font-family: Arial, sans-serif;\">Apakah hal berikut di informasikan ? </span></p>\n<p class=\"MsoNormal\" style=\"margin-left: .25in; text-indent: -.25in; mso-list: l0 level1 lfo1; tab-stops: list .25in;\"><span style=\"font-size: 10pt;\"><!-- [if !supportLists]--><span lang=\"SV\" style=\"font-family: Arial, sans-serif;\"><span style=\"mso-list: Ignore;\">a.<span style=\"font-style: normal; font-variant: normal; font-size-adjust: none; font-kerning: auto; font-optical-sizing: auto; font-feature-settings: normal; font-variation-settings: normal; font-weight: normal; font-stretch: normal; line-height: normal; font-family: \'Times New Roman\';\">&nbsp;&nbsp;&nbsp;&nbsp; </span></span></span><!--[endif]--><span lang=\"SV\" style=\"font-family: Arial, sans-serif;\">Radar, ARPA atau fasilitas ploting lainnya </span></span></p>\n<p class=\"MsoNormal\" style=\"margin-left: .25in; text-indent: -.25in; mso-list: l0 level1 lfo1; tab-stops: list .25in;\"><span style=\"font-size: 10pt;\"><!-- [if !supportLists]--><span style=\"font-family: Arial, sans-serif;\"><span style=\"mso-list: Ignore;\">b.<span style=\"font-style: normal; font-variant: normal; font-size-adjust: none; font-kerning: auto; font-optical-sizing: auto; font-feature-settings: normal; font-variation-settings: normal; font-weight: normal; font-stretch: normal; line-height: normal; font-family: \'Times New Roman\';\">&nbsp;&nbsp;&nbsp;&nbsp; </span></span></span><!--[endif]--><span style=\"font-family: Arial, sans-serif;\">Pengemudian manual </span></span></p>\n<p class=\"MsoNormal\" style=\"margin-left: .25in; text-indent: -.25in; mso-list: l0 level1 lfo1; tab-stops: list .25in;\"><span style=\"font-size: 10pt;\"><!-- [if !supportLists]--><span style=\"font-family: Arial, sans-serif;\"><span style=\"mso-list: Ignore;\">c.<span style=\"font-style: normal; font-variant: normal; font-size-adjust: none; font-kerning: auto; font-optical-sizing: auto; font-feature-settings: normal; font-variation-settings: normal; font-weight: normal; font-stretch: normal; line-height: normal; font-family: \'Times New Roman\';\">&nbsp;&nbsp;&nbsp;&nbsp; </span></span></span><!--[endif]--><span style=\"font-family: Arial, sans-serif;\">VHF </span></span></p>\n<p class=\"MsoNormal\" style=\"margin-left: .25in; text-indent: -.25in; mso-list: l0 level1 lfo1; tab-stops: list .25in;\"><span style=\"font-size: 10pt;\"><!-- [if !supportLists]--><span style=\"font-family: Arial, sans-serif;\"><span style=\"mso-list: Ignore;\">d.<span style=\"font-style: normal; font-variant: normal; font-size-adjust: none; font-kerning: auto; font-optical-sizing: auto; font-feature-settings: normal; font-variation-settings: normal; font-weight: normal; font-stretch: normal; line-height: normal; font-family: \'Times New Roman\';\">&nbsp;&nbsp;&nbsp;&nbsp; </span></span></span><!--[endif]--><span style=\"font-family: Arial, sans-serif;\">Peralatan sinyal kabut </span></span></p>\n<p><span style=\"font-size: 10pt; font-family: Arial, sans-serif;\">Lampu-lampu navigasi </span></p>', 0, 'A', 1, '2025-11-05 00:00:00', NULL, '2025-11-05 16:37:28'),
(23, 'fa79da9b-8c53-4a5e-84f7-f152f27dcc05', 'el0501', '<p><span style=\"font-size: 10pt; font-family: Arial, sans-serif;\">Apakah pengamat telah ditempatkan ? </span></p>', 0, 'A', 1, '2025-11-05 00:00:00', NULL, '2025-11-05 16:37:38'),
(24, '788efac3-ad31-4a28-82c5-0fd3449bf8ea', 'el0501', '<p><span lang=\"SV\" style=\"font-size: 10pt; font-family: Arial, sans-serif;\">Apakah Nakhoda dan kamar mesin telah diberitahu ?<span style=\"mso-spacerun: yes;\">&nbsp; </span></span></p>', 0, 'A', 1, '2025-11-05 00:00:00', NULL, '2025-11-05 16:37:47'),
(25, '28f5d7af-917a-4c2c-bcb0-b99c4b6ba874', 'el0502', '<p><span lang=\"SV\" style=\"font-size: 10.0pt; font-family: \'Arial\',sans-serif; mso-fareast-font-family: \'Times New Roman\'; mso-bidi-font-family: \'Times New Roman\'; mso-ansi-language: SV; mso-fareast-language: EN-US; mso-bidi-language: AR-SA;\">Apakah ada pekerjaan perbaikan atau perawatan diatas kapal ?</span></p>', 0, 'A', 1, '2025-11-05 00:00:00', NULL, '2025-11-05 16:40:05'),
(26, '9815c8da-5a3b-40f6-9622-6061d44d2faf', 'el0502', '<p><span lang=\"SV\" style=\"font-size: 10.0pt; font-family: \'Arial\',sans-serif; mso-fareast-font-family: \'Times New Roman\'; mso-bidi-font-family: \'Times New Roman\'; mso-ansi-language: SV; mso-fareast-language: EN-US; mso-bidi-language: AR-SA;\">Apakah posisi kapal rantai jangkardan pemukatan rantai jangkarlebih dilaksanakan dengan benar ?</span></p>', 0, 'A', 1, '2025-11-05 00:00:00', NULL, '2025-11-05 16:40:26'),
(27, 'fb75a9ff-9bb3-469c-8995-3372bdf73248', 'el0502', '<p><span lang=\"SV\" style=\"font-size: 10.0pt; font-family: \'Arial\',sans-serif; mso-fareast-font-family: \'Times New Roman\'; mso-bidi-font-family: \'Times New Roman\'; mso-ansi-language: SV; mso-fareast-language: EN-US; mso-bidi-language: AR-SA;\">Apakah peralatan pemadam kebakaran telah disiapkan ?</span></p>', 0, 'A', 1, '2025-11-05 00:00:00', NULL, '2025-11-05 16:40:42'),
(28, '794d129d-0734-4dfb-ad2e-e69946b229b6', 'el0502', '<p><span lang=\"SV\" style=\"font-size: 10.0pt; font-family: \'Arial\',sans-serif; mso-fareast-font-family: \'Times New Roman\'; mso-bidi-font-family: \'Times New Roman\'; mso-ansi-language: SV; mso-fareast-language: EN-US; mso-bidi-language: AR-SA;\">Apakah ada minyak mengapung disekitar kapal?</span></p>', 0, 'A', 1, '2025-11-05 00:00:00', NULL, '2025-11-05 16:45:05'),
(29, 'ac963bd2-2714-4ac1-8044-9d2b6706ceea', 'el0502', '<p><span lang=\"SV\" style=\"font-size: 10.0pt; font-family: \'Arial\',sans-serif; mso-fareast-font-family: \'Times New Roman\'; mso-bidi-font-family: \'Times New Roman\'; mso-ansi-language: SV; mso-fareast-language: EN-US; mso-bidi-language: AR-SA;\">Dapatkah VHF bekerja ada channel yang dikehendaki?&nbsp;</span></p>', 0, 'A', 1, '2025-11-05 00:00:00', NULL, '2025-11-05 16:44:49'),
(30, '9b993505-3838-40cb-aa39-a127d59e972b', 'el0511', '<p><span lang=\"SV\" style=\"font-size: 10.0pt; font-family: \'Arial\',sans-serif; mso-fareast-font-family: \'Times New Roman\'; mso-bidi-font-family: \'Times New Roman\'; mso-ansi-language: SV; mso-fareast-language: EN-US; mso-bidi-language: AR-SA;\">Apakah hal tersebut telah diinformasikan kepada ?</span></p>\n<p><span lang=\"SV\" style=\"font-size: 10.0pt; font-family: \'Arial\',sans-serif; mso-fareast-font-family: \'Times New Roman\'; mso-bidi-font-family: \'Times New Roman\'; mso-ansi-language: SV; mso-fareast-language: EN-US; mso-bidi-language: AR-SA;\">a. Nahkoda</span></p>\n<p><span lang=\"SV\" style=\"font-size: 10.0pt; font-family: \'Arial\',sans-serif; mso-fareast-font-family: \'Times New Roman\'; mso-bidi-font-family: \'Times New Roman\'; mso-ansi-language: SV; mso-fareast-language: EN-US; mso-bidi-language: AR-SA;\">b. Kepala Kamar Mesin</span></p>\n<p><span lang=\"SV\" style=\"font-size: 10.0pt; font-family: \'Arial\',sans-serif; mso-fareast-font-family: \'Times New Roman\'; mso-bidi-font-family: \'Times New Roman\'; mso-ansi-language: SV; mso-fareast-language: EN-US; mso-bidi-language: AR-SA;\">c. Awak Kapal</span></p>', 0, 'A', 1, '2025-11-05 00:00:00', NULL, '2025-11-05 17:04:45'),
(31, '66be9436-83dc-4e1d-9e38-6a1baa2b5e6c', 'el0511', '<p>Apakah barang yang dapat bergerak pada lokasi-lokasi berikut telah terikat dengan baik?</p>\n<p>a. Di Geladak</p>\n<p>b. Di Bawah Geladak</p>\n<p>c. Lubang lalu orang, tingkap sisi</p>', 0, 'A', 1, '2025-11-05 00:00:00', NULL, '2025-11-05 17:06:33'),
(32, '1e487ebc-e893-4ce1-936e-6f7a52809207', 'el0511', '<p>Apakah kecepatan kapal dan arah telah diatur sesuai kebutuhan dan kondisi?</p>', 0, 'A', 1, '2025-11-05 00:00:00', NULL, '2025-11-05 17:07:11'),
(33, '510deb35-c83a-461b-a831-48933ebd2d24', 'el0505', '<p><span style=\"font-size: 10.0pt; font-family: \'Arial\',sans-serif; mso-fareast-font-family: \'Times New Roman\'; mso-bidi-font-family: \'Times New Roman\'; mso-ansi-language: EN-US; mso-fareast-language: EN-US; mso-bidi-language: AR-SA;\">MAIN &amp; EMERGENCY TRANCEIVER</span></p>', 0, 'A', 1, '2025-11-10 00:00:00', NULL, '2025-11-10 14:45:31'),
(34, '44fa5fb9-8eb1-427b-b68a-b3040d94ef02', 'el0505', '<p><span style=\"font-size: 10.0pt; font-family: \'Arial\',sans-serif; mso-fareast-font-family: \'Times New Roman\'; mso-bidi-font-family: \'Times New Roman\'; mso-ansi-language: EN-US; mso-fareast-language: EN-US; mso-bidi-language: AR-SA;\">Check apakah bettery dalam kondisi baik ? </span></p>', 33, 'A', 1, '2025-11-10 00:00:00', NULL, '2025-11-10 14:53:23'),
(35, '921c4c57-48ec-4ea9-961b-5aa8a36610ce', 'el0505', '<p><span style=\"font-size: 10.0pt; font-family: \'Arial\',sans-serif; mso-fareast-font-family: \'Times New Roman\'; mso-bidi-font-family: \'Times New Roman\'; mso-ansi-language: EN-US; mso-fareast-language: EN-US; mso-bidi-language: AR-SA;\">Check apakah antenna wire dan insulator terpasang dengan baik ?</span></p>', 33, 'A', 1, '2025-11-10 00:00:00', NULL, '2025-11-10 14:53:27'),
(36, '754c77a0-49de-4ed8-9ce8-44788dc197f2', 'el0505', '<p><span style=\"font-size: 10.0pt; font-family: \'Arial\',sans-serif; mso-fareast-font-family: \'Times New Roman\'; mso-bidi-font-family: \'Times New Roman\'; mso-ansi-language: EN-US; mso-fareast-language: EN-US; mso-bidi-language: AR-SA;\">Sebelum memancarkan, pastikan apakah band frequency telah sesuai dan tunning up sudah benar sesuai dengan tunning chart ?</span></p>', 33, 'A', 1, '2025-11-10 00:00:00', NULL, '2025-11-10 14:52:50'),
(37, 'b57bacd8-84bb-4e58-a91f-f24b4851bb1e', 'el0505', '<p><span style=\"font-size: 10.0pt; font-family: \'Arial\',sans-serif; mso-fareast-font-family: \'Times New Roman\'; mso-bidi-font-family: \'Times New Roman\'; mso-ansi-language: EN-US; mso-fareast-language: EN-US; mso-bidi-language: AR-SA;\">Selesai penggunaan pemancar apakah sudah dipastikan bahwa antenna di grounded dan grounding berfungsi dengan baik</span></p>', 33, 'A', 1, '2025-11-10 00:00:00', NULL, '2025-11-10 14:56:00'),
(38, 'bdad2463-6c68-423a-9c0c-a5ae166f876b', 'el0505', '<p>RADAR</p>', 0, 'A', 1, '2025-11-10 00:00:00', NULL, '2025-11-10 14:58:40'),
(39, '903450c1-a242-46c5-a409-bf00c37f07e5', 'el0505', '<p><span lang=\"SV\" style=\"font-size: 10.0pt; font-family: \'Arial\',sans-serif; mso-fareast-font-family: \'Times New Roman\'; mso-bidi-font-family: \'Times New Roman\'; mso-ansi-language: SV; mso-fareast-language: EN-US; mso-bidi-language: AR-SA;\">Check apakah scanner dalam keadaan bebas berputar ?</span></p>', 38, 'A', 1, '2025-11-10 00:00:00', NULL, '2025-11-10 15:44:12'),
(40, 'f532fec7-73d9-48ac-89bb-dc2d8f8d4aaa', 'el0505', '<p><span style=\"font-size: 10.0pt; font-family: \'Arial\',sans-serif; mso-fareast-font-family: \'Times New Roman\'; mso-bidi-font-family: \'Times New Roman\'; mso-ansi-language: EN-US; mso-fareast-language: EN-US; mso-bidi-language: AR-SA;\">Check magnetron<span style=\"mso-spacerun: yes;\">&nbsp; </span>current, apakah masih diatas 80% ?</span></p>', 38, 'A', 1, '2025-11-10 00:00:00', NULL, '2025-11-10 15:44:33'),
(41, 'bcf678fb-3a7e-4129-9138-e29281fac9b8', 'el0504', '<p>PERSIAPAN</p>', 0, 'A', 1, '2025-11-11 00:00:00', NULL, '2025-11-11 07:33:05'),
(42, 'ff7da8d6-df2f-42b2-bacd-995aa418a839', 'el0504', '<p class=\"MsoNormal\" style=\"text-align: justify;\"><span style=\"font-size: 10pt; font-family: Arial, sans-serif;\">Harus diyakini bahwa semua personIL yang terlibat sIap Dan tanggap atas segala kemungkinan<span style=\"mso-spacerun: yes;\">&nbsp; </span>yang terjadi </span></p>', 41, 'A', 1, '2025-11-11 00:00:00', NULL, '2025-11-11 08:16:23'),
(43, '138a8798-a237-44fc-b0a6-f976c04069fd', 'el0504', '<p class=\"MsoNormal\" style=\"text-align: justify;\"><span lang=\"SV\" style=\"font-size: 10pt; font-family: Arial, sans-serif;\">Diskusi rencana pengisian BBM dan urutan pengisian tangki dengan Mualim yang terllibat </span></p>', 41, 'A', 1, '2025-11-11 00:00:00', NULL, '2025-11-11 08:16:38'),
(44, 'ef42ab29-38e9-4f7c-8c80-c5e156169d58', 'el0504', '<p class=\"MsoNormal\" style=\"text-align: justify;\"><span lang=\"SV\" style=\"font-size: 10pt; font-family: Arial, sans-serif;\">Tutup dan amankan semua katup buangan</span></p>', 41, 'A', 1, '2025-11-11 00:00:00', NULL, '2025-11-11 08:17:05'),
(45, 'c322b3a0-7c9b-4d58-9f50-82438c326164', 'el0504', '<p class=\"MsoNormal\" style=\"text-align: justify;\"><span lang=\"SV\" style=\"font-size: 8.0pt; font-family: \'Arial\',sans-serif; mso-bidi-font-family: Garamond; mso-ansi-language: SV; mso-bidi-font-weight: bold;\">MENJELANG PENGISIAN BBM</span></p>', 0, 'A', 1, '2025-11-11 00:00:00', NULL, '2025-11-11 07:34:17'),
(46, '18414438-1435-445d-8732-49a4c70c7524', 'el0504', '<p><span lang=\"SV\" style=\"font-size: 10pt; font-family: Arial, sans-serif;\">Periksa apakah panjang selang mencukupi</span></p>', 45, 'A', 1, '2025-11-11 00:00:00', NULL, '2025-11-11 08:17:19'),
(47, 'a7325ddd-4413-429d-beae-8deb003b5340', 'el0504', '<p class=\"MsoNormal\" style=\"text-align: justify;\"><span lang=\"SV\" style=\"font-size: 10pt; font-family: Arial, sans-serif;\">Periksa apakah ada kerusakan selang dan kopling</span></p>', 45, 'A', 1, '2025-11-11 00:00:00', NULL, '2025-11-11 08:17:32'),
(48, '27da3118-dc0f-41ae-afba-986edbd56f10', 'el0504', '<p class=\"MsoNormal\" style=\"text-align: justify;\"><span lang=\"SV\" style=\"font-size: 10pt; font-family: Arial, sans-serif;\">Periksa apakah berat selang tidak melebihi SWL, derek boom</span></p>', 45, 'A', 1, '2025-11-11 00:00:00', NULL, '2025-11-11 08:17:47'),
(49, '7b98b8cb-812e-464c-a490-4989a33545e5', 'el0504', '<p class=\"MsoNormal\" style=\"text-align: justify;\"><span lang=\"SV\" style=\"font-size: 10pt; font-family: Arial, sans-serif;\">Tutup dan pasang flensa kedap untuk manifold yang tidak dipakai</span></p>', 41, 'A', 1, '2025-11-11 00:00:00', NULL, '2025-11-11 08:18:03'),
(50, 'c9c113b1-4c9a-4223-a6fb-93684580a8e2', 'el0506', '<p><em style=\"mso-bidi-font-style: normal;\"><span style=\"font-size: 10.0pt; font-family: \'Arial\',sans-serif; mso-fareast-font-family: \'Times New Roman\'; mso-bidi-font-family: \'Times New Roman\'; mso-ansi-language: EN-US; mso-fareast-language: EN-US; mso-bidi-language: AR-SA;\">General Alarm</span></em></p>', 0, 'A', 1, '2025-11-11 00:00:00', NULL, '2025-11-11 20:37:37'),
(51, '449b5491-44ac-4d51-bcfc-396b98ce66de', 'el0506', '<p><em style=\"mso-bidi-font-style: normal;\"><span style=\"font-size: 10.0pt; font-family: \'Arial\',sans-serif; mso-fareast-font-family: \'Times New Roman\'; mso-bidi-font-family: \'Times New Roman\'; mso-ansi-language: EN-US; mso-fareast-language: EN-US; mso-bidi-language: AR-SA;\">ME LO Presure Low</span></em></p>', 0, 'A', 1, '2025-11-11 00:00:00', NULL, '2025-11-11 20:37:50'),
(52, '1931cdee-48c1-415c-90a7-b7412ee5d62a', 'el0506', '<p><em style=\"mso-bidi-font-style: normal;\"><span style=\"font-size: 10.0pt; font-family: \'Arial\',sans-serif; mso-fareast-font-family: \'Times New Roman\'; mso-bidi-font-family: \'Times New Roman\'; mso-ansi-language: EN-US; mso-fareast-language: EN-US; mso-bidi-language: AR-SA;\">ME LO Temperature High</span></em></p>', 0, 'A', 1, '2025-11-11 00:00:00', NULL, '2025-11-11 20:38:11'),
(53, '745f1002-fc38-4886-81e7-49d172ec24d7', 'el0506', '<p><em style=\"mso-bidi-font-style: normal;\"><span style=\"font-size: 10.0pt; font-family: \'Arial\',sans-serif; mso-fareast-font-family: \'Times New Roman\'; mso-bidi-font-family: \'Times New Roman\'; mso-ansi-language: EN-US; mso-fareast-language: EN-US; mso-bidi-language: AR-SA;\">ME Cooling Water Presure Low</span></em></p>', 0, 'A', 1, '2025-11-11 00:00:00', NULL, '2025-11-11 20:38:24'),
(54, 'f3315164-853f-4cdf-a96f-119dc241db54', 'el0506', '<p><em style=\"mso-bidi-font-style: normal;\"><span style=\"font-size: 10.0pt; font-family: \'Arial\',sans-serif; mso-fareast-font-family: \'Times New Roman\'; mso-bidi-font-family: \'Times New Roman\'; mso-ansi-language: EN-US; mso-fareast-language: EN-US; mso-bidi-language: AR-SA;\">ME Cooling Water Temperatur High</span></em></p>', 0, 'A', 1, '2025-11-11 00:00:00', NULL, '2025-11-11 20:38:33'),
(55, '79aa8f5b-eec6-4445-b344-a684da7b838e', 'el0508', '<p><span lang=\"SV\" style=\"font-size: 12pt; font-family: Arial, sans-serif;\">Apakah Ijin pekerjaan panas telah diberikan</span></p>', 0, 'A', 1, '2025-11-13 00:00:00', NULL, '2025-11-14 03:36:26'),
(56, '1dd78d14-5a50-419e-a884-916ab6add1ed', 'el0508', '<p><span style=\"font-size: 12pt; font-family: Arial, sans-serif;\">Ruangan telah dibersihkan</span></p>', 0, 'A', 1, '2025-11-13 00:00:00', NULL, '2025-11-14 03:36:41'),
(57, 'babd12d6-9465-4d81-87cd-3446b30f87dc', 'el0508', '<p><span lang=\"SV\" style=\"font-size: 12pt; font-family: Arial, sans-serif;\">Ruangan dan ruang terdekat telah bersih dari gas</span></p>', 0, 'A', 1, '2025-11-13 00:00:00', NULL, '2025-11-14 03:36:59'),
(58, 'b5bc9e7e-d644-446a-9b1f-738dd17ec287', 'el0508', '<p class=\"MsoNormal\" style=\"margin-left: 28.35pt; text-indent: -28.35pt; text-align: left;\"><!-- [if !supportLists]--><span lang=\"SV\" style=\"font-size: 12pt; font-family: Arial, sans-serif;\">Tidak sedang berlangsung bungker, pembersihan tangki, ballast dan pembersihan gas</span></p>', 0, 'A', 1, '2025-11-13 00:00:00', NULL, '2025-11-14 03:37:17'),
(59, 'e19a7852-0adc-482a-b37c-81fd804c52a6', 'el0509', '<p><span lang=\"SV\" style=\"font-size: 14.0pt; font-family: \'Times New Roman\',serif; mso-fareast-font-family: \'Times New Roman\'; mso-ansi-language: SV; mso-fareast-language: EN-US; mso-bidi-language: AR-SA;\">Saya telah menyetujui waktu interval untuk melaporkan dalam .....&nbsp;menit.</span></p>', 0, 'A', 1, '2025-11-14 00:00:00', NULL, '2025-11-16 14:28:23'),
(60, 'ab1dc205-5e66-4a77-8836-3018cabdf85c', 'el0509', '<p><span lang=\"SV\" style=\"font-size: 14.0pt; font-family: \'Times New Roman\',serif; mso-fareast-font-family: \'Times New Roman\'; mso-ansi-language: SV; mso-fareast-language: EN-US; mso-bidi-language: AR-SA;\">Oksigen <input class=\"form-control\" size=\"5\" type=\"text name=\"text\"> <span lang=\"IN\" style=\"font-size: 14.0pt; font-family: \'Times New Roman\',serif; mso-fareast-font-family: \'Times New Roman\'; mso-ansi-language: IN; mso-fareast-language: EN-US; mso-bidi-language: AR-SA;\">% vol (21%)</span></span></p>', 0, 'A', 1, '2025-11-14 00:00:00', NULL, '2025-11-14 22:44:36'),
(61, 'abc5affb-2fa2-48f2-a1db-8c5e0bae462f', 'el0509', '<p><span lang=\"SV\" style=\"font-size: 14.0pt; font-family: \'Times New Roman\',serif; mso-fareast-font-family: \'Times New Roman\'; mso-ansi-language: SV; mso-fareast-language: EN-US; mso-bidi-language: AR-SA;\">Gas beracun <input class=\"form-control\" size=\"5\" type=\"text name=\"text\"> <span lang=\"IN\" style=\"font-size: 14.0pt; font-family: \'Times New Roman\',serif; mso-fareast-font-family: \'Times New Roman\'; mso-ansi-language: IN; mso-fareast-language: EN-US; mso-bidi-language: AR-SA;\">% ppm (kurang 50% OEL gas tertentu)</span></span></p>', 0, 'A', 1, '2025-11-14 00:00:00', NULL, '2025-11-14 22:45:27'),
(62, '691d23ec-850d-45ad-a71b-7c72744b2558', 'el0605', '<p><span style=\"font-size: 12pt; font-family: Arial, sans-serif;\"><span style=\"font-family: Arial, sans-serif;\">PERSIAPAN KEDATANGAN / KEBERANGKATAN&nbsp;</span></span></p>', 0, 'A', 1, '2025-11-20 00:00:00', NULL, '2025-11-20 15:54:10'),
(63, 'e5e5c93a-a842-4c3b-81b0-356587e13627', 'el0605', '<p><span style=\"font-size: 12pt; font-family: Arial, sans-serif;\">Kemampuan mendata BBM (L.O.F.O)</span></p>', 62, 'A', 1, '2025-11-20 00:00:00', NULL, '2025-11-20 15:54:10'),
(64, 'a7719a58-7ba7-4a2c-86b4-e5d0d87db516', 'el0605', '<p><span style=\"font-size: 12pt; font-family: Arial, sans-serif;\">Kemampuan mengontrol suhu oil / air pendingin mesin utama</span></p>', 62, 'A', 1, '2025-11-20 00:00:00', NULL, '2025-11-20 15:54:10'),
(65, 'f77d6bfe-91ac-4ab5-aee2-c737604c675d', 'el0605', '<p><span style=\"font-size: 12pt; font-family: Arial, sans-serif;\">Kemampuan menjalankan dan mengoperasikan mesin bantu secara paralel dan otomatis</span></p>', 62, 'A', 1, '2025-11-20 00:00:00', NULL, '2025-11-20 15:54:10'),
(66, '720600b0-11ca-4860-9682-ee755838c01c', 'el0605', '<p><span style=\"font-size: 12pt; font-family: Arial, sans-serif;\">Memahami prosedur pengujian mesin utama</span></p>', 62, 'A', 1, '2025-11-20 00:00:00', NULL, '2025-11-20 15:54:10'),
(67, '385093f8-e2cc-4214-be41-574f1cf77a7f', 'el0605', '<p><span style=\"font-size: 12pt; font-family: Arial, sans-serif;\">Kemampuan menguji mesin utama</span></p>', 62, 'A', 1, '2025-11-20 00:00:00', NULL, '2025-11-20 15:54:10'),
(68, 'fd8477e7-d518-4370-b493-702249e71cc2', 'el0605', '<p><span style=\"font-size: 12pt; font-family: Arial, sans-serif;\">Kemampuan menguji mesin utama</span></p>', 62, 'A', 1, '2025-11-20 00:00:00', NULL, '2025-11-20 15:54:10'),
(69, '8639c170-1e14-49f8-8b07-6b594fa06194', 'el0605', '<p><span style=\"font-size: 12pt; font-family: Arial, sans-serif;\">Kemampuan menguji mesin kemudi dan telegraph</span></p>', 62, 'A', 1, '2025-11-20 00:00:00', NULL, '2025-11-20 15:54:10'),
(70, 'e7911a7d-3be9-441c-adbe-dc9442e6e63c', 'el0605', '<p><span style=\"font-size: 12pt; font-family: Arial, sans-serif;\">PROSEDUR KEBERANGKATAN / KEDATANGAN</span></p>', 0, 'A', 1, '2025-11-20 00:00:00', NULL, '2025-11-20 15:54:10'),
(71, '9fe503e7-0cd9-4146-8bc4-5374de3c2582', 'el0605', '<p><span style=\"font-size: 12pt; font-family: Arial, sans-serif;\">Operasi mesin induk</span></p>', 70, 'A', 1, '2025-11-20 00:00:00', NULL, '2025-11-20 15:54:10'),
(72, 'd9daab74-9a78-48cc-bcd3-650f246cd8c8', 'el0605', '<p><span style=\"font-size: 12pt; font-family: Arial, sans-serif;\">Kemampuan mengontrol sistim pemanas bahan bakar</span></p>', 70, 'A', 1, '2025-11-20 00:00:00', NULL, '2025-11-20 15:54:10'),
(73, 'fe886454-8ada-48fb-b4be-eb3073532766', 'el0304', '<p><span style=\"font-size: 12pt; font-family: Arial, sans-serif;\">Mengetahui tugas dan tanggung jawabnya di kapal </span></p>', 0, 'A', 1, '2025-11-20 00:00:00', NULL, '2025-11-20 16:07:56'),
(74, '3e432085-c13b-4842-9732-76b5fd246688', 'el0304', '<p><span style=\"font-size: 12pt; font-family: Arial, sans-serif;\">Mengetahui keadaan darurat, tempat berkumpul, latihan sekoci dan tugas-tugasnya. </span></p>', 0, 'A', 1, '2025-11-20 00:00:00', NULL, '2025-11-20 16:08:24'),
(75, '4ceaeddb-8534-4ad6-9180-d68cbf9263e4', 'el0304', '<p><span style=\"font-size: 12pt; font-family: Arial, sans-serif;\">Mengetahui keadaan darurat, sinyal tanda bahaya dan sinyal meninggalkan kapal</span></p>', 0, 'A', 1, '2025-11-20 00:00:00', NULL, '2025-11-20 16:08:57'),
(76, 'cb27d5f0-4881-49c0-8a0c-c6bbdddc3c89', 'el0604', '<p><span style=\"font-size: 12pt; font-family: Arial, sans-serif;\">PERSIAPAN KEDATANGAN / KEBERANGKATAN </span></p>', 0, 'A', 1, '2025-11-22 00:00:00', NULL, '2025-11-22 22:40:48'),
(77, 'f6cb3600-2717-44e8-ad20-2b60b02eb798', 'el0604', '<p><span lang=\"IN\" style=\"font-size: 12pt; font-family: Arial, sans-serif;\">Kemampuan mengisi buku harin dek</span></p>', 76, 'A', 1, '2025-11-22 00:00:00', NULL, '2025-11-22 22:44:04'),
(78, '3fb843f0-8994-4b61-80c3-e2a39252c38a', 'el0604', '<p><span style=\"font-size: 12pt; font-family: Arial, sans-serif;\">Kemampuan komunikasi dengan kamar mesin</span></p>', 76, 'A', 1, '2025-11-22 00:00:00', NULL, '2025-11-22 22:44:40'),
(79, '748f59c1-8fd4-4e05-9dd6-e2829a7af75e', 'el0604', '<p><span style=\"font-size: 12pt; font-family: Arial, sans-serif;\">Kemampuan memeriksa sistim komunikasi</span></p>', 76, 'A', 1, '2025-11-22 00:00:00', NULL, '2025-11-22 22:45:02'),
(80, 'fb2086a2-de87-4c37-9fd9-60f2c1b7735b', 'el0604', '<p><span style=\"font-size: 12pt; font-family: Arial, sans-serif;\">Kemampuan mengoperasikan auto pilot dan pengemudian</span></p>', 76, 'A', 1, '2025-11-22 00:00:00', NULL, '2025-11-22 22:45:25'),
(81, 'c827c68b-e378-4acf-937d-510fbdac8f84', 'el0604', '<p><span style=\"font-family: arial, helvetica, sans-serif;\">PENJAGAAN</span></p>', 0, 'A', 1, '2025-11-22 00:00:00', NULL, '2025-11-22 22:46:23'),
(82, '630fa178-69e5-4433-8262-e98a365354d0', 'el0604', '<p><span style=\"font-size: 12pt; font-family: Arial, sans-serif;\">Kemampuan merubah kemudi otomatis manual dan darurat</span></p>', 81, 'A', 1, '2025-11-22 00:00:00', NULL, '2025-11-22 22:47:30'),
(83, '5c23e89c-8574-4f0d-aff2-bbb6b4f6fe20', 'el0604', '<p><span style=\"font-size: 12pt; font-family: Arial, sans-serif;\">Memiliki pengetahuan tentang peraturan tubrukan</span></p>', 81, 'A', 1, '2025-11-22 00:00:00', NULL, '2025-11-22 22:48:30'),
(84, '2859a4f8-d257-4f81-bf95-c1c9dbbcbbc7', 'el0607', '<p><span style=\"font-size: 12pt; font-family: Arial, sans-serif;\">Apakah persyaratan kepelautan (jika diperlukan) sesuai atau melebihi dari posisi jabatan yang dibutuhkan ? </span></p>', 0, 'A', 1, '2025-11-25 00:00:00', NULL, '2025-11-25 01:45:50'),
(85, '43758104-c7b3-44d0-841e-0338e3e4f3a5', 'el0607', '<p><span style=\"font-size: 12pt; font-family: Arial, sans-serif;\">Apakah semua sertifikat yang diperlukan masih berlaku ? </span></p>', 0, 'A', 1, '2025-11-25 00:00:00', NULL, '2025-11-25 01:46:13'),
(86, '316ccf6b-ac78-4f7f-b5ce-b537b394aa45', 'el0607', '<p><span style=\"font-size: 12pt; font-family: Arial, sans-serif;\">Apakah mempunyai pengalaman yang cukup untuk posisi jabatan yang dibutuhkan?</span></p>', 0, 'A', 1, '2025-11-25 00:00:00', NULL, '2025-11-25 01:46:31'),
(87, '53e9b6dc-4ff0-4cd9-b91c-b0c5214e50ea', 'el0607', '<p><span style=\"font-size: 12pt; font-family: Arial, sans-serif;\">Dari seleksi wawancara, Apakah si pelamar mempunyai motivasi harapan dan kesesuaian dengan formasi jabatan yang ada ? </span></p>', 0, 'A', 1, '2025-11-25 00:00:00', NULL, '2025-11-25 01:46:58'),
(88, '876e9eff-2e36-42cb-8662-5de791e2f1c9', 'el0608', '<p><span style=\"font-size: 12pt; font-family: Arial, sans-serif;\">Budi pekerti / Akhlak </span></p>', 0, 'A', 1, '2025-11-26 00:00:00', NULL, '2025-11-26 04:25:10'),
(89, 'd6c5162e-911b-4427-b2c9-37167a3f556e', 'el0608', '<p><span style=\"font-size: 12pt; font-family: Arial, sans-serif;\">Loyalitas dan Dedikasi</span></p>', 0, 'A', 1, '2025-11-26 00:00:00', NULL, '2025-11-26 04:25:29'),
(90, '639dc7e1-c608-4f77-a9e9-5956d3c28352', 'el0608', '<p><span style=\"font-size: 12pt; font-family: Arial, sans-serif;\">Semangat kerja dan Inisiatif </span></p>', 0, 'A', 1, '2025-11-26 00:00:00', NULL, '2025-11-26 04:25:49'),
(91, '565d4f5a-ed65-4563-a8b0-4c4af1725d83', 'el0608', '<p><span style=\"font-size: 12pt; font-family: Arial, sans-serif;\">Disiplinan dan kejujuran </span></p>', 0, 'A', 1, '2025-11-26 00:00:00', NULL, '2025-11-26 04:26:10');
INSERT INTO `checklist_kondite_detail` (`id`, `uid`, `kode`, `kondite_id`, `checklist_item_id`, `value`, `ket`, `status`, `created_by`, `created_date`) VALUES
(9, 'ead2a749-c8e9-47a5-a9ab-76ca5e8ea005', 'el0608', 4, 88, 4, NULL, 'A', 1, '2025-11-27 17:00:00'),
(10, 'b18a91cc-2329-413b-9d9e-3b268cfc4aed', 'el0608', 4, 91, 3, NULL, 'A', 1, '2025-11-27 17:00:00'),
(11, '392bbdb1-c613-4899-96ca-86074b2e5b07', 'el0608', 4, 89, 3, NULL, 'A', 1, '2025-11-27 17:00:00'),
(12, '5df3339c-ad08-4da6-8b71-c8413b817730', 'el0608', 4, 90, 3, NULL, 'A', 1, '2025-11-27 17:00:00'),
(13, '0f524fff-537e-483b-90e2-760e01e7f511', 'el0608', 5, 88, 4, NULL, 'A', 1, '2025-11-27 17:00:00'),
(14, '12fcfff1-f20c-4c09-bb12-51bd32a86e15', 'el0608', 5, 91, 4, NULL, 'A', 1, '2025-11-27 17:00:00'),
(15, 'db780873-b6b4-4136-a25c-ef4bdf28dd01', 'el0608', 5, 89, 4, NULL, 'A', 1, '2025-11-27 17:00:00'),
(16, '04455125-4a58-4b91-8b73-3eb473e0750b', 'el0608', 5, 90, 4, NULL, 'A', 1, '2025-11-27 17:00:00'),
(21, '40e3ffda-d22f-4f0f-9027-080d8e45aded', 'el0608', 2, 88, 4, NULL, 'A', 1, '2025-11-27 17:00:00'),
(22, '94494c8a-7d83-4b4e-b3f0-d92762b193ca', 'el0608', 2, 91, 4, NULL, 'A', 1, '2025-11-27 17:00:00'),
(23, 'ece7d3ac-f2db-49ec-b57a-e47fddc33e6f', 'el0608', 2, 89, 4, NULL, 'A', 1, '2025-11-27 17:00:00'),
(24, '8526a582-e41d-4e92-9761-4cf5c157a344', 'el0608', 2, 90, 3, NULL, 'A', 1, '2025-11-27 17:00:00');
INSERT INTO `checklist_penggantian` (`id`, `uid`, `kode`, `id_perusahaan`, `id_kapal`, `id_dari`, `id_kepada`, `pelabuhan`, `date`, `jam`, `note`, `status`, `created_by`, `created_date`, `changed_by`, `changed_date`) VALUES
(1, '0037df48-9cd3-4f2e-a4fe-aa4dddcf2e77', 'el0307', 1, 2, 12, 16, 'Merak', '2025-09-15', '16:00:00', 'sudah sesuai prosedur kok', 'A', 1, '2025-09-15 23:05:47', 1, '2025-10-28 07:10:46'),
(2, '8dca9a76-0a45-4188-9a57-31a0dddea223', 'el0307', 1, 1, 4, 12, 'Merak', '2025-10-02', '16.00 WIB', 'telah selesai', 'A', 1, '2025-10-02 07:28:38', NULL, '2025-10-28 07:10:50'),
(3, '6792ab09-79a0-488d-b864-7fed7302ab74', 'el0307', 3, 6, 27, 27, 'Merak', '2025-10-28', '14.00', 'aa bb cc dd', 'A', 12, '2025-10-28 07:28:30', NULL, '2025-10-28 07:28:30');
INSERT INTO `daftar_hadir` (`id`, `uid`, `kode`, `id_perusahaan`, `id_kapal`, `id_notulen`, `date`, `tempat`, `status`, `created_by`, `created_date`, `changed_by`, `changed_date`) VALUES
(1, '1836e788-3e60-496e-ada0-35d953c7bf32', 'el0306', 1, 1, NULL, NULL, NULL, 'D', 1, '2025-09-20 23:18:47', NULL, '2025-10-31 03:35:05'),
(2, '2a342306-d7fc-48da-afae-945dc0d9ecd2', 'el0306', 1, 1, NULL, NULL, NULL, 'D', 1, '2025-09-20 23:19:18', NULL, '2025-10-31 03:35:08'),
(3, '7820c5dc-656c-4bff-8b1b-ff92da1e5f87', 'el0306', 1, 2, NULL, NULL, NULL, 'A', 1, '2025-09-20 23:46:58', NULL, '2025-10-31 03:35:11'),
(4, '68b3a4ca-158e-4f68-b215-ee08a79deb49', 'el0402', 0, NULL, '7', NULL, NULL, 'A', 1, '2025-10-01 04:22:27', NULL, '2025-10-01 04:22:27'),
(5, '521b2f04-22bb-4298-94e9-718a837e0753', 'el0301', 0, NULL, '8', NULL, NULL, 'A', 1, '2025-10-02 07:19:33', NULL, '2025-10-02 07:19:33'),
(6, 'f17cce01-c50d-4083-8d21-c3f4690f2fac', 'el0404', 0, NULL, '9', NULL, NULL, 'A', 8, '2025-10-10 02:57:05', NULL, '2025-10-10 02:57:05'),
(7, '8769380c-a305-4ceb-a4a5-70629b338bb4', 'el0404', 0, NULL, '10', NULL, NULL, 'A', 8, '2025-10-10 02:57:07', NULL, '2025-10-10 02:57:07'),
(8, 'db5a9085-bf36-4e0f-a576-43514d43d608', 'el0404', 0, NULL, '11', NULL, NULL, 'A', 8, '2025-10-10 02:57:19', NULL, '2025-10-10 02:57:19'),
(9, 'cfedcc92-1c6e-46b1-b834-ccc9daa6b9a5', 'el0404', 0, NULL, '12', NULL, NULL, 'A', 8, '2025-10-10 02:57:29', NULL, '2025-10-10 02:57:29'),
(10, '071184cd-85bf-46b1-863c-9e3a9fd0c14a', 'el0301', 0, NULL, '13', NULL, NULL, 'A', 1, '2025-10-29 22:29:38', NULL, '2025-10-29 22:29:38'),
(11, '1292746b-e791-4226-87da-e66cce08506b', 'el0402', 0, NULL, '14', NULL, NULL, 'A', 1, '2025-10-29 23:08:49', NULL, '2025-10-29 23:08:49'),
(12, '983021a2-e250-4e4f-b20f-d04a8fc70299', 'el0403', 3, 3, '15', NULL, NULL, 'A', 1, '2025-11-02 22:37:09', NULL, '2025-11-02 22:37:09'),
(13, '7787a785-fc87-44ec-a299-1af6d45801bd', 'el0301', 4, 5, '16', NULL, NULL, 'A', 1, '2025-11-03 22:37:54', NULL, '2025-11-03 22:37:54');
INSERT INTO `daftar_hadir_detail` (`id`, `uid`, `id_daftar_hadir`, `id_karyawan`, `id_jabatan`, `tanggal`, `status`, `created_by`, `created_date`, `changed_date`) VALUES
(1, '940f7443-64fa-434c-9e6e-a7bb43d5f77d', 2, 3, 1, NULL, 'D', 1, '2025-09-20 23:19:18', '2025-09-20 23:46:28'),
(2, 'e9f6d06d-423b-49c3-837c-c25b5ea4bedb', 2, 4, 5, NULL, 'D', 1, '2025-09-20 23:19:18', '2025-09-20 23:46:28'),
(3, 'd3b28ddc-aef6-4a74-9234-5c50e600d975', 2, 11, 5, NULL, 'D', 1, '2025-09-20 23:19:18', '2025-09-20 23:46:28'),
(4, '28496ee6-01b2-4ee0-8ee8-9e90908daf35', 2, 4, 5, '2025-09-19', 'D', 1, '2025-09-20 23:44:56', '2025-09-20 23:46:28'),
(5, '4075b46d-ad0f-489d-8841-110dc7492297', 3, 12, 3, '2025-09-21', 'D', 1, '2025-09-20 23:46:58', '2025-09-20 23:49:52'),
(6, '23f1afc8-0ca1-480a-a660-b53cf1ef1986', 3, 16, 3, '2025-09-21', 'A', 1, '2025-09-20 23:46:58', '2025-09-20 23:46:58'),
(7, 'f6c5478f-4da9-4146-a8e9-c000f6fdd3be', 3, 12, 3, '2025-09-19', 'A', 1, '2025-09-20 23:50:10', '2025-09-20 23:50:10'),
(8, '6831fc03-3d79-45de-af1b-80aaf8dc0363', 9, 3, 1, NULL, 'A', 8, '2025-10-10 02:59:28', '2025-10-10 02:59:28'),
(9, '05e2bbc5-b9c6-42e8-8b11-544f4d001299', 9, 4, 5, NULL, 'A', 8, '2025-10-10 02:59:28', '2025-10-10 02:59:28'),
(10, '336d36ee-3c70-4dcb-b5c7-b0c42ac22ded', 9, 5, 5, NULL, 'A', 8, '2025-10-10 02:59:28', '2025-10-10 02:59:28'),
(11, 'c5b86aae-841e-4148-8d6b-6c590e1357dd', 9, 11, 5, NULL, 'A', 8, '2025-10-10 02:59:28', '2025-10-10 02:59:28'),
(12, '1e1cbd75-2af5-4c0f-bdc9-17375adc315b', 9, 12, 3, NULL, 'A', 8, '2025-10-10 02:59:28', '2025-10-10 02:59:28'),
(13, '4262c422-46ab-4820-b061-e05830277ab2', 9, 16, 3, NULL, 'A', 8, '2025-10-10 02:59:28', '2025-10-10 02:59:29'),
(14, '0abffc06-f0be-489b-add4-7f089478478a', 9, 17, 12, NULL, 'A', 8, '2025-10-10 02:59:29', '2025-10-10 02:59:29'),
(15, 'b15db21b-d8da-43e3-9977-6e40287428b0', 9, 3, 1, NULL, 'A', 8, '2025-10-10 02:59:52', '2025-10-10 02:59:52'),
(16, '89209f9c-69eb-4354-b8e6-4c9c95bebc65', 11, 84, 5, NULL, 'A', 1, '2025-10-30 15:31:40', '2025-10-30 15:31:40'),
(17, '65c0c9a1-f31c-4012-9eb8-5010d0fa3cf6', 11, 85, 12, NULL, 'A', 1, '2025-10-30 15:31:40', '2025-10-30 15:31:40'),
(18, '4fa92853-fd11-4dcc-a328-fd9770f77dd4', 11, 86, 13, NULL, 'A', 1, '2025-10-30 15:31:40', '2025-10-30 15:31:40'),
(19, '927f9fff-9197-40e1-838d-9ac6a31cd0df', 11, 87, 14, NULL, 'A', 1, '2025-10-30 15:31:40', '2025-10-30 15:31:40'),
(20, 'fd9e57b7-e4e4-474e-942c-5a81046de25f', 11, 88, 15, NULL, 'A', 1, '2025-10-30 15:31:40', '2025-10-30 15:31:40'),
(21, '54438640-9320-494d-b2d5-2549e9de0254', 11, 89, 15, NULL, 'A', 1, '2025-10-30 15:31:40', '2025-10-30 15:31:40'),
(22, '6c68ae89-5dae-40dd-85e4-b7751df8fee2', 11, 90, 16, NULL, 'A', 1, '2025-10-30 15:31:40', '2025-10-30 15:31:40'),
(23, '89c86665-c852-4a53-9cf1-9c10164230c2', 11, 91, 17, NULL, 'A', 1, '2025-10-30 15:31:40', '2025-10-30 15:31:40'),
(24, 'e25259fe-cee1-4074-b257-6a48090f0e56', 11, 92, 18, NULL, 'A', 1, '2025-10-30 15:31:40', '2025-10-30 15:31:40'),
(25, '01fed9bc-3840-4dbb-87b8-fa228925df4e', 11, 93, 19, NULL, 'A', 1, '2025-10-30 15:31:40', '2025-10-30 15:31:40'),
(26, 'e382ec27-22b7-495d-9169-090ba3964699', 11, 93, 19, NULL, 'A', 1, '2025-10-30 15:31:40', '2025-10-30 15:31:40'),
(27, '41a7d262-a4ee-44de-828d-703965d91a82', 11, 94, 20, NULL, 'A', 1, '2025-10-30 15:31:40', '2025-10-30 15:31:40'),
(28, 'cc928f83-3bd7-43b0-a70f-27e3993b4af8', 11, 95, 21, NULL, 'A', 1, '2025-10-30 15:31:40', '2025-10-30 15:31:40'),
(29, '2175f21e-461c-4412-bc76-c91ae4471670', NULL, 166, 21, NULL, 'A', 1, '2025-11-13 21:39:26', '2025-11-13 21:39:26'),
(30, '19b5281e-6311-4128-b083-b44a41696f7e', NULL, 160, 15, NULL, 'A', 1, '2025-11-13 21:39:26', '2025-11-13 21:39:26'),
(31, '8ac514a0-ab63-4c11-8aac-f01371fd7a87', NULL, 170, 26, NULL, 'A', 1, '2025-11-13 21:39:26', '2025-11-13 21:39:26'),
(32, 'e55dc48e-1230-4f03-b3ab-9a98c400e632', NULL, 164, 19, NULL, 'A', 1, '2025-11-13 21:39:26', '2025-11-13 21:39:26'),
(33, '4c42c8f5-32c0-4deb-8407-4596453085ce', NULL, 204, 26, NULL, 'A', 1, '2025-11-13 22:00:16', '2025-11-13 22:00:16'),
(34, '7ce910cd-a043-4423-86bc-52c7399f7c32', NULL, 200, 21, NULL, 'A', 1, '2025-11-13 22:00:16', '2025-11-13 22:00:16'),
(35, '349ef843-0ec1-4cd3-a66b-e97cdeb4eec3', NULL, 196, 17, NULL, 'A', 1, '2025-11-13 22:00:16', '2025-11-13 22:00:16'),
(36, 'd2e224af-03a7-4346-99ca-74d5d68e6097', NULL, 134, 26, NULL, 'A', 1, '2025-11-13 22:05:37', '2025-11-13 22:05:37'),
(37, '79229a58-b9b0-4571-94ea-f48d1ecb70db', NULL, 132, 23, NULL, 'A', 1, '2025-11-13 22:05:37', '2025-11-13 22:05:37');
INSERT INTO `evaluasi` (`id`, `uid`, `checklist_data_id`, `ket`, `note`, `tanggal`, `id_nahkoda`, `id_instruktur`, `id_kepala`, `status`, `created_by`, `created_date`, `changed_by`, `changed_date`) VALUES
(1, 'b158b294-0022-4ca9-96ff-dbba9e0148da', 24, '2025-11-21', 'lumayan oke', '2025-11-21', 120, 125, NULL, 'A', 1, '2025-11-21 00:00:00', 1, '2025-11-21 08:20:49'),
(2, '070abed5-26ec-469a-8ec4-728fb82ae81c', 2, NULL, 'boleh laaah', '2025-11-23', 3, 30, 25, 'A', 1, '2025-11-22 00:00:00', 1, '2025-11-22 23:19:29');
INSERT INTO `file_upload` (`id`, `id_perusahaan`, `id_kapal`, `id_karyawan`, `id_file`, `file`, `status`, `created_by`, `changed_date`) VALUES
(2, NULL, 1, NULL, 2, '1760627920_Spek_Kapal_ALS_Elvina.pdf', 'A', 1, '2025-10-16 15:18:40'),
(5, NULL, 2, NULL, 2, '1760628793_SHIP_PARTICULAR_ALS_ELISA.pdf', 'A', 1, '2025-10-16 15:33:13'),
(6, 1, NULL, NULL, 1, '1760630230_DAFTAR_NIK_CREW_KMP._ALS_ELISA.pdf', 'A', 1, '2025-10-16 15:57:10'),
(8, NULL, NULL, 4, 5, '1760631048_CONTACK_EMERGENCY_TTD_CREW_ALS_ELVINA_AGUSTUS_2025.pdf', 'A', 1, '2025-10-16 16:10:48'),
(9, NULL, 1, NULL, 8, '1763568109_DAFTAR_NIK_CREW_KMP._ALS_ELISA.pdf', 'A', 1, '2025-11-19 16:01:49'),
(10, NULL, 1, NULL, 7, '1763568134_CONTACK_EMERGENCY_TTD_CREW_ALS_ELVINA_AGUSTUS_2025.pdf', 'A', 1, '2025-11-19 16:02:14'),
(11, NULL, 1, NULL, 9, '1763568250_DAFTAR_NIK_CREW_KMP._ALS_ELISA_(1).pdf', 'A', 1, '2025-11-19 16:04:10');
INSERT INTO `form_aturan` (`id`, `uid`, `kode`, `id_perusahaan`, `nama`, `isi`, `enforced_by`, `file`, `publish`, `status`, `created_by`, `created_date`, `changed_by`, `changed_date`) VALUES
(1, '30bb180d-7f19-4f7f-82a5-056c4f7f0c88', 'EL-02-01', 4, 'Kebijakan Perusahaan Tentang Manajemen Keselamatan dan Perlindungan Lingkungan', '<h2 style=\"text-align: center;\"><strong>Kebijakan Perusahaan Tentang Manajemen Keselamatan</strong></h2>\r\n<p style=\"text-align: center;\"></p>\r\n<p><span style=\"font-size: 14pt;\">Kebijakan perusahaan dirumuskan sebagai berikut <em><strong>\'Perusahaan berkomitmen dalam memberikan perhatian\'</strong></em></span></p>', 85, NULL, 'Y', 'A', 1, '2025-09-06 19:19:12', NULL, '2025-10-28 04:45:59'),
(2, 'd9c75b3f-454e-4397-842e-9c9db6d6d579', 'TLM-01', 3, 'KEBIJAKAN PERUSAHAAN TENTANG MANAJEMEN KESELAMATAN', NULL, 30, '1761604489_nik_crew_keisha.pdf', 'Y', 'A', 12, '2025-10-27 22:34:48', NULL, '2025-11-17 07:26:39');
INSERT INTO `ganti_kkm` (`id`, `uid`, `nomer`, `id_kepada`, `id_perusahaan`, `id_kapal`, `tanggal`, `jam`, `id_lama`, `fo`, `do`, `fw`, `id_baru`, `status`, `created_by`, `created_date`, `changed_by`, `changed_date`) VALUES
(1, '4c3c9aae-f246-49e1-94ff-deabe92a308f', '202509240001', 15, 1, 1, '2025-09-23', '16.00 WIB', 4, 'apa', 'itu', '324345fds', 12, 'A', 1, '2025-09-23 21:32:28', 1, '2025-10-28 08:46:10'),
(2, '22561620-68ec-4497-be96-ab7195aeb8f7', 'TRB/001/2025', 26, 4, 5, '2025-10-28', '14.00', 99, '123', '456', '789', 115, 'A', 1, '2025-10-28 09:01:04', 1, '2025-10-28 09:01:25');
INSERT INTO `interview` (`id`, `uid`, `kode`, `id_perusahaan`, `nama`, `id_jabatan`, `note`, `tgl_periksa`, `id_periksa`, `id_menyetujui`, `status`, `created_by`, `created_date`, `changed_by`, `changed_date`) VALUES
(1, '448252da-4bf4-4f7a-a92c-72637c608778', 'el0607', 4, 'Dudung Kasmanto', 12, 'lumayan bagus, pengalama banyak', '2025-11-25', 164, 26, 'A', 1, '2025-11-25 02:03:54', 1, '2025-11-25 02:36:47');
INSERT INTO `jabatan` (`id`, `uid`, `kel`, `nama`, `status`) VALUES
(1, '5746089f-0d52-4227-9d45-243e6bfa0ac6', 2, 'DIREKTUR', 'A'),
(2, 'f1f7faa6-a1fc-46b4-8f02-66c236237d22', 1, 'Mualim', 'D'),
(3, '894f1df7-28c8-444c-9004-8bfc6e8850c7', 2, 'KEPALA CABANG', 'A'),
(4, '3623fa7d-e385-47d5-bcc5-c966630b62d1', 2, 'DPA', 'A'),
(5, 'cd21b878-b46d-4eff-97f3-d422adc575b1', 1, 'NAKHODA', 'A'),
(6, '761b3582-5b08-4d67-bc13-13aa76af104c', 1, 'Manager', 'D'),
(7, '41cc341a-ee72-46da-9cd0-623703948579', 1, 'Team Leader', 'D'),
(8, 'c9a56e86-becd-484d-b91a-e12b88b29132', 1, 'asfsf', 'D'),
(9, 'b7693716-6877-47b8-a5a0-16acd1202b86', 1, 'dgfdgdf', 'D'),
(10, 'b2562449-1f18-4831-bf38-27bd225136ab', 1, 'CS', 'D'),
(11, 'f0d131fd-f7b7-46d8-ba36-9e5c83d7277a', 1, 'aaaa', 'D'),
(12, 'd613dcbf-2109-4abd-85c8-d74d3e420413', 1, 'MUALIM I', 'A'),
(13, '139999cb-4ee6-4e28-b073-43e15d543ea3', 1, 'MUALIM II', 'A'),
(14, '068c5113-a193-4948-a378-e181f37bca7e', 1, 'MUALIM III', 'A'),
(15, '665f32cb-bcd8-4864-a187-313ed44b143b', 1, 'MUALIM IV', 'A'),
(16, '23ba6773-6ca5-4114-9cc5-62a63cea58cc', 1, 'KKM', 'A'),
(17, '7f84390b-29cf-4e56-ac38-e99c9c648d4a', 1, 'MASINIS I', 'A'),
(18, '8f69d610-a027-4fd7-9929-1dce06448350', 1, 'MASINIS II', 'A'),
(19, '679d02f5-d116-4cb1-93f2-88963be37635', 1, 'MASINIS III', 'A'),
(20, '266e1430-5131-4126-b10c-80c90ad06741', 1, 'MASINIS IV', 'A'),
(21, '3b000b59-1fd1-4d75-a298-3e017e4ee835', 1, 'MARCHONIST', 'A'),
(22, 'f7158a11-ec9a-435b-b662-e66702c3e082', 2, 'STAF DPA', 'A'),
(23, '44ddf920-c208-452b-a7c9-3fa556893bfe', 1, 'BOSUN', 'A'),
(24, 'ee50cf9a-fe33-4f34-b82c-ab5c2b262d95', 1, 'MANDOR', 'A'),
(25, '56e8e6b2-d9bd-4661-985b-151995d52c46', 1, 'KOKI', 'A'),
(26, 'ff49ecfd-13dc-47c5-8893-aba9530c4d21', 1, 'JURU MUDI', 'A'),
(27, 'e25ba431-5874-4427-9c79-689c8d1777fc', 1, 'OLIEMAN', 'A'),
(28, 'e5079345-bd7d-4288-b48d-70604f4567d6', 1, 'KELASI', 'A'),
(29, '7df9546d-d2ab-4b2b-aef7-93ff2a74fd05', 1, 'PELAYAN', 'A'),
(30, '6dfa96fb-48fd-4a2a-898a-0c72f2a2c485', 1, 'ELECTRICENT', 'A');
INSERT INTO `kapal` (`id`, `uid`, `nama`, `pendaftaran`, `no_siup`, `no_akte`, `dikeluarkan_di`, `selar`, `pemilik`, `call_sign`, `galangan`, `konstruksi`, `type`, `loa`, `lbp`, `lebar`, `dalam`, `summer_draft`, `winter_draft`, `draft_air_tawar`, `tropical_draft`, `isi_kotor`, `bobot_mati`, `nt`, `merk_mesin_induk`, `tahun_mesin_induk`, `no_mesin_induk`, `merk_mesin_bantu`, `tahun_mesin_bantu`, `no_mesin_bantu`, `max_speed`, `normal_speed`, `min_speed`, `bahan_bakar`, `jml_butuh`, `berkas`, `status`, `created_by`, `created_date`, `changed_by`, `changed_date`) VALUES
(1, 'fca14e14-f3ae-4138-a9c8-72c21987ff79', 'ALS ELVINA', '2017 Pst No. 9468/L', '41/1/SIUPAL/PMDN/2017', '9468', 'Jakarta', 'GT. 6913 No. 707/Ab', 1, 'YBWT2', 'China/2016', 'Baja', 'Ro-Ro Ferry', 106.25, 100.7, 20.4, 6.5, 4.18, NULL, 4.87, NULL, 6913, 13826, 2074, '2 MESIN DIESEL NINGBO GB300ZC31B,  4 TAK KERJA TUNGGAL 2 X 3001 HP', 2016, '711 / 712', '3 WEICHAI , WP12CD317E200, 3 X 391  HP', 2016, NULL, 15.5, 10.3, 10, 'HSD/SOLAR', 5, NULL, 'A', '1', '2025-08-20', NULL, '2025-08-22 20:23:37'),
(2, '050bee7c-f1d7-4b96-8db7-bbc3cff6c69f', 'ALS ELISA', '2017 Pst No. 9382/L', '41/1/SIUPAL/PMDN/2017', '9382', 'Jakarta', 'GT. 6913 No. 705/Ab', 1, 'YBSC2', 'CHINA/2016', 'BAJA', 'Ro-Ro Ferry', 106.25, 100.7, 20.4, 6.5, 4.18, NULL, 4.27, NULL, 6913, 13826, 2074, '2 BUAH MESIN DIESEL NINGBO,  GB300ZC31B, 4 TAK KERJA TUNGGAL,  2 X 3001 HP', 2015, '708 (PS), 709 (SB)', '3 BUAH WEICHAI, WP12CD317E2003  X 391 HP', 2016, NULL, 15.5, 10.3, 10, 'HSD/SOLAR', 5, NULL, 'A', '1', '2025-08-31', NULL, '2025-09-03 20:53:58'),
(3, '961e7830-24d1-4ad9-b741-66672f997ea3', 'KANAYA', NULL, NULL, NULL, NULL, NULL, 3, NULL, NULL, NULL, NULL, NULL, NULL, NULL, NULL, NULL, NULL, NULL, NULL, NULL, NULL, NULL, NULL, NULL, NULL, NULL, NULL, NULL, NULL, NULL, NULL, NULL, NULL, NULL, 'A', '1', '2025-10-21', NULL, '2025-10-21 06:01:20'),
(4, 'b1ba1b7d-857e-4435-bf22-4c58d9ceb819', 'FHADILA', NULL, NULL, NULL, NULL, NULL, 3, NULL, NULL, NULL, NULL, NULL, NULL, NULL, NULL, NULL, NULL, NULL, NULL, NULL, NULL, NULL, NULL, NULL, NULL, NULL, NULL, NULL, NULL, NULL, NULL, NULL, NULL, NULL, 'A', '1', '2025-10-21', NULL, '2025-10-21 07:25:41'),
(5, '885e2ca6-dff2-4396-b0f0-3581e2bb204e', 'TRIBUANA', NULL, NULL, NULL, NULL, NULL, 4, NULL, NULL, NULL, NULL, NULL, NULL, NULL, NULL, NULL, NULL, NULL, NULL, NULL, NULL, NULL, NULL, NULL, NULL, NULL, NULL, NULL, NULL, NULL, NULL, NULL, NULL, NULL, 'A', '1', '2025-10-21', NULL, '2025-10-22 15:10:23'),
(6, '0fb00794-42a5-4111-bf34-8fdb6e58ce6c', 'KEISHA', NULL, NULL, NULL, NULL, NULL, 3, NULL, NULL, NULL, NULL, NULL, NULL, NULL, NULL, NULL, NULL, NULL, NULL, NULL, NULL, NULL, NULL, NULL, NULL, NULL, NULL, NULL, NULL, NULL, NULL, NULL, NULL, NULL, 'A', '1', '2025-10-21', NULL, '2025-10-21 07:28:41'),
(7, 'e552cc22-0503-4709-8239-f81dea5f7b70', 'AAA', '43543', '4534534', '33532', 'jakarta', '325324', 1, 'sfds', 'regre34', 'baja', 'fdhdhd', NULL, NULL, NULL, NULL, NULL, NULL, NULL, NULL, NULL, NULL, NULL, NULL, NULL, NULL, NULL, NULL, NULL, NULL, NULL, NULL, NULL, NULL, NULL, 'A', '1', '2025-10-28', NULL, '2025-10-28 05:17:12'),
(8, '7b671569-a4b1-4b07-9a7f-a1da80236cd4', 'CCC', '436546', '2343534', '534534', 'jakarta', '325324', 3, 'dsfdsfd', 'regre34', 'baja', 'fdhdhd', NULL, NULL, NULL, NULL, NULL, NULL, NULL, NULL, NULL, NULL, NULL, NULL, NULL, NULL, NULL, NULL, NULL, NULL, NULL, NULL, NULL, NULL, NULL, 'D', '12', '2025-10-28', NULL, '2025-10-28 05:40:27');
INSERT INTO `karyawan` (`id`, `uid`, `nama`, `nik`, `nip`, `telp`, `email`, `alamat`, `tmp_lahir`, `tgl_lahir`, `jk`, `agama`, `gol_darah`, `status_kawin`, `status_ptkp`, `pend`, `institusi_pend`, `jurusan`, `sertifikat`, `status_karyawan`, `nama_bank`, `nama_rekening`, `no_rekening`, `cabang_bank`, `npwp`, `bpjs_kes`, `bpjs_tk`, `tgl_mulai`, `id_jabatan`, `id_perusahaan`, `id_kapal`, `tanda_tangan`, `foto`, `status`, `resign`, `created_by`, `created_date`, `changed_by`, `changed_date`) VALUES
(3, '6c662243-6258-44ff-9310-95dd6938b390', 'WANTEK HERU W.', 360316270679000456, 'ALS-001', '08675463463', NULL, 'indonesia', NULL, NULL, NULL, NULL, NULL, 'M', 1, NULL, NULL, NULL, NULL, 'TP', NULL, NULL, NULL, NULL, NULL, NULL, NULL, '2023-10-01', 5, 1, 2, '1756313781_ttd_wantek.png', NULL, 'A', 'N', 1, '2025-08-24 14:50:18', 8, '2025-10-24 06:30:02'),
(4, '4229dd21-f9ce-4cb2-bada-c717252bc692', 'NURFATHONI. F', 3509272301880001, 'ALS-002', NULL, NULL, NULL, NULL, NULL, 'P', NULL, NULL, NULL, NULL, NULL, NULL, NULL, NULL, NULL, NULL, NULL, NULL, NULL, NULL, NULL, NULL, NULL, 12, 1, 2, '1757008460_ttd_nurfathoni.png', NULL, 'A', 'N', 1, '2025-08-25 21:22:32', 8, '2025-10-21 03:58:19'),
(5, '495d598b-4548-429e-b4af-368ce546f448', 'AHMAD FAIZAL', 3525171008990001, 'ALS-003', NULL, NULL, NULL, NULL, NULL, 'P', NULL, NULL, NULL, NULL, NULL, NULL, NULL, NULL, NULL, NULL, NULL, NULL, NULL, NULL, NULL, NULL, NULL, 13, 1, 2, NULL, NULL, 'A', 'N', 1, '2025-08-26 20:30:34', 8, '2025-10-21 04:00:11'),
(11, '8561655f-25a8-413a-bf92-1df5cb1865aa', 'MOH. SYAIFUL', 3516081706730003, 'ALS-004', NULL, NULL, NULL, NULL, NULL, 'P', NULL, NULL, NULL, NULL, NULL, NULL, NULL, NULL, NULL, NULL, NULL, NULL, NULL, NULL, NULL, NULL, NULL, 16, 1, 2, '1756309073_ttd_mohsaiful.png', NULL, 'A', 'N', 1, '2025-08-27 15:37:53', 8, '2025-10-21 04:00:17'),
(12, 'b3472a93-8336-4b88-a676-e9a8fecfb7ce', 'GUNTUR CAHYO. S', 3519060905910002, 'ALS-005', NULL, NULL, NULL, NULL, NULL, 'P', NULL, NULL, NULL, NULL, NULL, NULL, NULL, NULL, NULL, NULL, NULL, NULL, NULL, NULL, NULL, NULL, NULL, 20, 1, 2, NULL, NULL, 'A', 'N', 1, '2025-08-31 14:41:42', 8, '2025-10-21 04:00:38'),
(15, 'aaf8476d-375d-429b-9e63-5c6714d530bc', 'JONI YOGA P.S,ST', 65462351534, 'ALS-006', NULL, NULL, NULL, NULL, NULL, 'P', NULL, NULL, NULL, NULL, NULL, NULL, NULL, NULL, NULL, NULL, NULL, NULL, NULL, NULL, NULL, NULL, NULL, 1, 1, 2, NULL, NULL, 'D', 'N', 1, '2025-09-09 20:19:33', 8, '2025-10-21 04:02:13'),
(16, 'ab394824-cf68-492b-a730-3fc5652dd866', 'AGUS CHOBIB', 3506260402740003, 'ALS-007', NULL, NULL, NULL, NULL, NULL, 'P', NULL, NULL, NULL, NULL, NULL, NULL, NULL, NULL, NULL, NULL, NULL, NULL, NULL, NULL, NULL, NULL, NULL, 19, 1, 2, NULL, NULL, 'A', 'N', 1, '2025-09-09 20:27:20', 8, '2025-10-21 04:02:21'),
(17, 'b86b1243-549a-4538-821e-a23a3e160233', 'UCA SURYANA', 3205020801890002, 'ALS-008', NULL, NULL, NULL, NULL, NULL, 'P', NULL, NULL, NULL, NULL, NULL, NULL, NULL, NULL, NULL, NULL, NULL, NULL, NULL, NULL, NULL, NULL, NULL, 12, 1, 2, NULL, NULL, 'D', 'N', 1, '2025-10-01 23:12:55', 8, '2025-10-22 14:51:28'),
(18, '09ff18eb-213b-4567-ae42-e1183ae851c7', 'AL FIQRI', 1377010706000001, 'ALS-009', NULL, NULL, NULL, NULL, NULL, 'P', NULL, NULL, NULL, NULL, NULL, NULL, NULL, NULL, 'TP', NULL, NULL, NULL, NULL, NULL, NULL, NULL, '2024-01-15', 22, 1, 0, NULL, NULL, 'A', 'N', 1, '2025-10-08 03:56:31', NULL, '2025-11-04 22:39:54'),
(19, '0e1c6e67-bd8f-4b9a-b91f-c16324cfc1ba', 'ALEXCENDER S.E.H', 3672031804710001, 'ALS-011', NULL, NULL, NULL, NULL, NULL, 'P', NULL, NULL, NULL, NULL, NULL, NULL, NULL, NULL, NULL, NULL, NULL, NULL, NULL, NULL, NULL, NULL, NULL, 4, 1, 2, NULL, NULL, 'A', 'N', 1, '2025-10-08 04:13:41', 8, '2025-10-21 04:47:19'),
(23, '5bcb342e-a08f-4cef-9958-18bafb00df0a', 'ABDUL HAFID', 3511021004740002, 'ALS-012', NULL, NULL, NULL, NULL, NULL, 'P', NULL, NULL, NULL, NULL, NULL, NULL, NULL, NULL, NULL, NULL, NULL, NULL, NULL, NULL, NULL, NULL, NULL, 14, 1, 2, NULL, NULL, 'A', 'N', 8, '2025-10-10 07:55:25', NULL, '2025-10-21 04:47:36'),
(24, 'ce2de553-f328-4f17-a3b8-f942eb31a396', 'SUGIYANTO', 3523182404740004, 'ALS-013', NULL, NULL, NULL, NULL, NULL, 'P', NULL, NULL, NULL, NULL, NULL, NULL, NULL, NULL, NULL, NULL, NULL, NULL, NULL, NULL, NULL, NULL, NULL, 15, 1, 2, NULL, NULL, 'A', 'N', 8, '2025-10-10 07:56:20', NULL, '2025-10-21 04:47:42'),
(25, '9388717e-3f47-42bf-965e-e68aefd6cf7e', 'ANTO MEI SURYONO', 3318020905820003, 'ALS-014', NULL, NULL, NULL, NULL, NULL, 'P', NULL, NULL, NULL, NULL, NULL, NULL, NULL, NULL, NULL, NULL, NULL, NULL, NULL, NULL, NULL, NULL, NULL, 3, 1, 0, NULL, NULL, 'A', 'N', 8, '2025-10-10 08:04:23', NULL, '2025-11-04 22:39:57'),
(26, '4a6927a0-0a4e-4ac8-8778-9f7bac565131', 'MARDIYANTO', 3525130501680017, 'TRB-001', '082142525250', NULL, 'Sido jangkung, Menganti', 'Kendal', '1968-01-05', 'P', NULL, NULL, 'M', 1, NULL, NULL, NULL, NULL, 'TP', NULL, NULL, NULL, NULL, NULL, NULL, NULL, '2017-01-01', 4, 4, 0, NULL, NULL, 'A', 'N', 1, '2025-10-21 05:08:40', NULL, '2025-11-04 22:40:01'),
(27, '12879191-08c1-452d-81e4-b8ecd32c87cf', 'ARIF MUHAZALIN', 3510212510840004, 'TLM-001', '085258181063', NULL, 'Indonesia', NULL, NULL, 'P', NULL, NULL, 'M', 1, NULL, NULL, NULL, NULL, 'TP', NULL, NULL, NULL, NULL, NULL, NULL, NULL, '2017-01-01', 4, 3, 0, NULL, NULL, 'A', 'N', 11, '2025-10-21 05:17:42', NULL, '2025-11-04 22:40:05'),
(28, 'f142b2d1-ae51-11f0-ac16-746bb962bc87', 'BENAR HATI LOI ', 1214062702890002, 'ALS-015', NULL, NULL, NULL, NULL, NULL, 'P', NULL, NULL, NULL, NULL, NULL, NULL, NULL, NULL, NULL, NULL, NULL, NULL, NULL, NULL, NULL, NULL, NULL, 18, 1, 2, NULL, NULL, 'A', 'N', 1, '2025-10-21 00:00:00', NULL, '2025-10-22 16:42:17'),
(29, 'd0552507-ae51-11f0-ac16-746bb962bc87', 'AHMAD FAUZAN. N', 3505042610930000, 'ALS-016', NULL, NULL, NULL, NULL, NULL, 'P', NULL, NULL, NULL, NULL, NULL, NULL, NULL, NULL, NULL, NULL, NULL, NULL, NULL, NULL, NULL, NULL, NULL, 18, 1, 2, NULL, NULL, 'A', 'N', 1, '2025-10-21 00:00:00', NULL, '2025-10-22 16:42:25'),
(30, 'd0552750-ae51-11f0-ac16-746bb962bc87', 'IGP. OKA HARDIANTARA', 3578060708730007, 'ALS-017', NULL, NULL, NULL, NULL, NULL, 'P', NULL, NULL, NULL, NULL, NULL, NULL, NULL, NULL, NULL, NULL, NULL, NULL, NULL, NULL, NULL, NULL, NULL, 21, 1, 2, NULL, NULL, 'A', 'N', 1, '2025-10-21 00:00:00', NULL, '2025-10-22 16:44:00'),
(31, 'd0552782-ae51-11f0-ac16-746bb962bc87', 'ACHMAD ROMADHON', 3672010910740001, 'ALS-018', NULL, NULL, NULL, NULL, NULL, 'P', NULL, NULL, NULL, NULL, NULL, NULL, NULL, NULL, NULL, NULL, NULL, NULL, NULL, NULL, NULL, NULL, NULL, 23, 1, 2, NULL, NULL, 'A', 'N', 1, '2025-10-21 00:00:00', NULL, '2025-10-22 16:44:38'),
(32, 'd05527d0-ae51-11f0-ac16-746bb962bc87', 'M. IRHAM KURNIADI', 3510180812960002, 'ALS-019', NULL, NULL, NULL, NULL, NULL, 'P', NULL, NULL, NULL, NULL, NULL, NULL, NULL, NULL, NULL, NULL, NULL, NULL, NULL, NULL, NULL, NULL, NULL, 24, 1, 2, NULL, NULL, 'A', 'N', 1, '2025-10-21 00:00:00', NULL, '2025-10-22 16:45:15'),
(33, 'd05527e9-ae51-11f0-ac16-746bb962bc87', 'AAN UJIANTO', 3323152408810002, 'ALS-020', NULL, NULL, NULL, NULL, NULL, 'P', NULL, NULL, NULL, NULL, NULL, NULL, NULL, NULL, NULL, NULL, NULL, NULL, NULL, NULL, NULL, NULL, NULL, 25, 1, 2, NULL, NULL, 'A', 'N', 1, '2025-10-21 00:00:00', NULL, '2025-10-22 16:46:03'),
(34, 'd0552801-ae51-11f0-ac16-746bb962bc87', 'VISHAL ZAMZAMY', 3672060703970004, 'ALS-021', NULL, NULL, NULL, NULL, NULL, 'P', NULL, NULL, NULL, NULL, NULL, NULL, NULL, NULL, NULL, NULL, NULL, NULL, NULL, NULL, NULL, NULL, NULL, 26, 1, 2, NULL, NULL, 'A', 'N', 1, '2025-10-21 00:00:00', NULL, '2025-10-22 16:46:42'),
(35, 'd0552818-ae51-11f0-ac16-746bb962bc87', 'EKO LISTIONO', 3672012304890002, 'ALS-022', NULL, NULL, NULL, NULL, NULL, 'P', NULL, NULL, NULL, NULL, NULL, NULL, NULL, NULL, NULL, NULL, NULL, NULL, NULL, NULL, NULL, NULL, NULL, 26, 1, 2, NULL, NULL, 'A', 'N', 1, '2025-10-21 00:00:00', NULL, '2025-10-22 16:46:46'),
(36, 'd055282e-ae51-11f0-ac16-746bb962bc87', 'SUHERMANTO', 3523171002830009, 'ALS-023', NULL, NULL, NULL, NULL, NULL, 'P', NULL, NULL, NULL, NULL, NULL, NULL, NULL, NULL, NULL, NULL, NULL, NULL, NULL, NULL, NULL, NULL, NULL, 26, 1, 2, NULL, NULL, 'A', 'N', 1, '2025-10-21 00:00:00', NULL, '2025-10-22 16:46:49'),
(37, 'd0552844-ae51-11f0-ac16-746bb962bc87', 'MUHAMAD NAFIK', 3604091005750003, 'ALS-024', NULL, NULL, NULL, NULL, NULL, 'P', NULL, NULL, NULL, NULL, NULL, NULL, NULL, NULL, NULL, NULL, NULL, NULL, NULL, NULL, NULL, NULL, NULL, 26, 1, 2, NULL, NULL, 'A', 'N', 1, '2025-10-21 00:00:00', NULL, '2025-10-22 16:47:06'),
(38, 'd0552859-ae51-11f0-ac16-746bb962bc87', 'AGUS KURNIAWAN', 3578062508790001, 'ALS-025', NULL, NULL, NULL, NULL, NULL, 'P', NULL, NULL, NULL, NULL, NULL, NULL, NULL, NULL, NULL, NULL, NULL, NULL, NULL, NULL, NULL, NULL, NULL, 27, 1, 2, NULL, NULL, 'A', 'N', 1, '2025-10-21 00:00:00', NULL, '2025-10-22 16:48:51'),
(39, 'd055286e-ae51-11f0-ac16-746bb962bc87', 'DENIS YODI LUDIKA', 3201192712950002, 'ALS-026', NULL, NULL, NULL, NULL, NULL, 'P', NULL, NULL, NULL, NULL, NULL, NULL, NULL, NULL, NULL, NULL, NULL, NULL, NULL, NULL, NULL, NULL, NULL, 27, 1, 2, NULL, NULL, 'A', 'N', 1, '2025-10-21 00:00:00', NULL, '2025-10-22 16:48:56'),
(40, 'd0552885-ae51-11f0-ac16-746bb962bc87', 'AQSAL YOGI. A', 1812012307000001, 'ALS-027', NULL, NULL, NULL, NULL, NULL, 'P', NULL, NULL, NULL, NULL, NULL, NULL, NULL, NULL, NULL, NULL, NULL, NULL, NULL, NULL, NULL, NULL, NULL, 27, 1, 2, NULL, NULL, 'A', 'N', 1, '2025-10-21 00:00:00', NULL, '2025-10-22 16:49:37'),
(41, 'd055289c-ae51-11f0-ac16-746bb962bc87', 'FIRMAN', 3672031307830003, 'ALS-028', NULL, NULL, NULL, NULL, NULL, 'P', NULL, NULL, NULL, NULL, NULL, NULL, NULL, NULL, NULL, NULL, NULL, NULL, NULL, NULL, NULL, NULL, NULL, 27, 1, 2, NULL, NULL, 'A', 'N', 1, '2025-10-21 00:00:00', NULL, '2025-10-22 16:49:41'),
(42, 'd05528b1-ae51-11f0-ac16-746bb962bc87', 'AGUS PURNOMO', 1172010408830001, 'ALS-029', NULL, NULL, NULL, NULL, NULL, 'P', NULL, NULL, NULL, NULL, NULL, NULL, NULL, NULL, NULL, NULL, NULL, NULL, NULL, NULL, NULL, NULL, NULL, 28, 1, 2, NULL, NULL, 'A', 'N', 1, '2025-10-21 00:00:00', NULL, '2025-10-22 16:49:45'),
(43, 'd05528c5-ae51-11f0-ac16-746bb962bc87', 'HANDOKO', 1801210902820001, 'ALS-030', NULL, NULL, NULL, NULL, NULL, 'P', NULL, NULL, NULL, NULL, NULL, NULL, NULL, NULL, NULL, NULL, NULL, NULL, NULL, NULL, NULL, NULL, NULL, 28, 1, 2, NULL, NULL, 'A', 'N', 1, '2025-10-21 00:00:00', NULL, '2025-10-22 16:50:32'),
(44, 'd05528dc-ae51-11f0-ac16-746bb962bc87', 'MUHTAM HABIB', 1132022307920001, 'ALS-031', NULL, NULL, NULL, NULL, NULL, 'P', NULL, NULL, NULL, NULL, NULL, NULL, NULL, NULL, NULL, NULL, NULL, NULL, NULL, NULL, NULL, NULL, NULL, 28, 1, 2, NULL, NULL, 'A', 'N', 1, '2025-10-21 00:00:00', NULL, '2025-10-22 16:50:35'),
(45, 'd05528f4-ae51-11f0-ac16-746bb962bc87', 'HARIS SUFANDI', 1801212103960004, 'ALS-032', NULL, NULL, NULL, NULL, NULL, 'P', NULL, NULL, NULL, NULL, NULL, NULL, NULL, NULL, NULL, NULL, NULL, NULL, NULL, NULL, NULL, NULL, NULL, 28, 1, 2, NULL, NULL, 'A', 'N', 1, '2025-10-21 00:00:00', NULL, '2025-10-22 16:50:39'),
(46, 'd0552909-ae51-11f0-ac16-746bb962bc87', 'SUYONO', 3672031003730001, 'ALS-033', NULL, NULL, NULL, NULL, NULL, 'P', NULL, NULL, NULL, NULL, NULL, NULL, NULL, NULL, NULL, NULL, NULL, NULL, NULL, NULL, NULL, NULL, NULL, 28, 1, 2, NULL, NULL, 'A', 'N', 1, '2025-10-21 00:00:00', NULL, '2025-10-22 16:50:42'),
(47, 'd055291e-ae51-11f0-ac16-746bb962bc87', 'SONY ERLANGGA', 1806042004920001, 'ALS-034', NULL, NULL, NULL, NULL, NULL, 'P', NULL, NULL, NULL, NULL, NULL, NULL, NULL, NULL, NULL, NULL, NULL, NULL, NULL, NULL, NULL, NULL, NULL, 28, 1, 2, NULL, NULL, 'A', 'N', 1, '2025-10-21 00:00:00', NULL, '2025-10-22 16:50:46'),
(48, 'd0552934-ae51-11f0-ac16-746bb962bc87', 'EGI PRADANA', 1305091608920003, 'ALS-035', NULL, NULL, NULL, NULL, NULL, 'P', NULL, NULL, NULL, NULL, NULL, NULL, NULL, NULL, NULL, NULL, NULL, NULL, NULL, NULL, NULL, NULL, NULL, 28, 1, 2, NULL, NULL, 'A', 'N', 1, '2025-10-21 00:00:00', NULL, '2025-10-22 16:50:49'),
(49, 'd0552949-ae51-11f0-ac16-746bb962bc87', 'IMAM TOHARI', 1806122802970004, 'ALS-036', NULL, NULL, NULL, NULL, NULL, 'P', NULL, NULL, NULL, NULL, NULL, NULL, NULL, NULL, NULL, NULL, NULL, NULL, NULL, NULL, NULL, NULL, NULL, 28, 1, 2, NULL, NULL, 'A', 'N', 1, '2025-10-21 00:00:00', NULL, '2025-10-22 16:50:55'),
(50, 'd055295f-ae51-11f0-ac16-746bb962bc87', 'M. NASRUL', 3201193007010003, 'ALS-037', NULL, NULL, NULL, NULL, NULL, 'P', NULL, NULL, NULL, NULL, NULL, NULL, NULL, NULL, NULL, NULL, NULL, NULL, NULL, NULL, NULL, NULL, NULL, 29, 1, 2, NULL, NULL, 'A', 'N', 1, '2025-10-21 00:00:00', NULL, '2025-10-22 16:51:04'),
(51, '5aab5411-af55-11f0-ac16-746bb962bc87', 'BASORI', 5271021509700001, 'ALS-038', NULL, NULL, NULL, NULL, NULL, 'P', NULL, NULL, NULL, NULL, NULL, NULL, NULL, NULL, NULL, NULL, NULL, NULL, NULL, NULL, NULL, NULL, NULL, 5, 1, 1, NULL, NULL, 'A', 'N', 1, '2025-10-21 00:00:00', NULL, '2025-10-22 14:42:37'),
(52, '5aabb511-af55-11f0-ac16-746bb962bc87', 'ACHMAD RIVALDHI RANGKUTI', 1806012904960001, 'ALS-039', NULL, NULL, NULL, NULL, NULL, 'P', NULL, NULL, NULL, NULL, NULL, NULL, NULL, NULL, NULL, NULL, NULL, NULL, NULL, NULL, NULL, NULL, NULL, 12, 1, 1, NULL, NULL, 'A', 'N', 1, '2025-10-21 00:00:00', NULL, '2025-10-22 14:42:37'),
(53, '5aabf31e-af55-11f0-ac16-746bb962bc87', 'MOH. SAMIUDIN', 3213201007760001, 'ALS-040', NULL, NULL, NULL, NULL, NULL, 'P', NULL, NULL, NULL, NULL, NULL, NULL, NULL, NULL, NULL, NULL, NULL, NULL, NULL, NULL, NULL, NULL, NULL, 13, 1, 1, NULL, NULL, 'A', 'N', 1, '2025-10-21 00:00:00', NULL, '2025-10-22 14:42:37'),
(54, '5aac3394-af55-11f0-ac16-746bb962bc87', 'AGUNG GUNAWAN', 3276101910800003, 'ALS-041', NULL, NULL, NULL, NULL, NULL, 'P', NULL, NULL, NULL, NULL, NULL, NULL, NULL, NULL, NULL, NULL, NULL, NULL, NULL, NULL, NULL, NULL, NULL, 14, 1, 1, NULL, NULL, 'A', 'N', 1, '2025-10-21 00:00:00', NULL, '2025-10-22 14:42:37'),
(55, '5aac739d-af55-11f0-ac16-746bb962bc87', 'HOTMAN ROBERT SITUNGKIR', 1871011809900006, 'ALS-042', NULL, NULL, NULL, NULL, NULL, 'P', NULL, NULL, NULL, NULL, NULL, NULL, NULL, NULL, NULL, NULL, NULL, NULL, NULL, NULL, NULL, NULL, NULL, 15, 1, 1, NULL, NULL, 'A', 'N', 1, '2025-10-21 00:00:00', NULL, '2025-10-22 14:42:37'),
(56, '5aacb433-af55-11f0-ac16-746bb962bc87', 'ADDIN WAHYUDIN', 3515183107830005, 'ALS-043', NULL, NULL, NULL, NULL, NULL, 'P', NULL, NULL, NULL, NULL, NULL, NULL, NULL, NULL, NULL, NULL, NULL, NULL, NULL, NULL, NULL, NULL, NULL, 16, 1, 1, NULL, NULL, 'A', 'N', 1, '2025-10-21 00:00:00', NULL, '2025-10-22 14:42:37'),
(57, '5aad00de-af55-11f0-ac16-746bb962bc87', 'ANGGA AGUNG SAPUTRA', 3521052512870000, 'ALS-044', NULL, NULL, NULL, NULL, NULL, 'P', NULL, NULL, NULL, NULL, NULL, NULL, NULL, NULL, NULL, NULL, NULL, NULL, NULL, NULL, NULL, NULL, NULL, 18, 1, 1, NULL, NULL, 'A', 'N', 1, '2025-10-21 00:00:00', NULL, '2025-10-22 14:42:37'),
(58, '5aad4d98-af55-11f0-ac16-746bb962bc87', 'IWAN ROBIUL IMORN', 3517132012950002, 'ALS-045', NULL, NULL, NULL, NULL, NULL, 'P', NULL, NULL, NULL, NULL, NULL, NULL, NULL, NULL, NULL, NULL, NULL, NULL, NULL, NULL, NULL, NULL, NULL, 18, 1, 1, NULL, NULL, 'A', 'N', 1, '2025-10-21 00:00:00', NULL, '2025-10-22 14:42:37'),
(59, '5aad97c3-af55-11f0-ac16-746bb962bc87', 'LUCKY PUTRA PRIAMBODO', 3510182112990003, 'ALS-046', NULL, NULL, NULL, NULL, NULL, 'P', NULL, NULL, NULL, NULL, NULL, NULL, NULL, NULL, NULL, NULL, NULL, NULL, NULL, NULL, NULL, NULL, NULL, 19, 1, 1, NULL, NULL, 'A', 'N', 1, '2025-10-21 00:00:00', NULL, '2025-10-22 14:42:37'),
(60, '5aade243-af55-11f0-ac16-746bb962bc87', 'ARIP PERMANA', 1305011402960000, 'ALS-047', NULL, NULL, NULL, NULL, NULL, 'P', NULL, NULL, NULL, NULL, NULL, NULL, NULL, NULL, NULL, NULL, NULL, NULL, NULL, NULL, NULL, NULL, NULL, 20, 1, 1, NULL, NULL, 'A', 'N', 1, '2025-10-21 00:00:00', NULL, '2025-10-22 14:42:37'),
(61, '5aae2a97-af55-11f0-ac16-746bb962bc87', 'ISMAN NURHIDAYAT', 3278030503790003, 'ALS-048', NULL, NULL, NULL, NULL, NULL, 'P', NULL, NULL, NULL, NULL, NULL, NULL, NULL, NULL, NULL, NULL, NULL, NULL, NULL, NULL, NULL, NULL, NULL, 21, 1, 1, NULL, NULL, 'A', 'N', 1, '2025-10-21 00:00:00', NULL, '2025-10-22 14:42:37'),
(62, 'a1a4dd22-af55-11f0-ac16-746bb962bc87', 'HENDRO WINARTO', 3172023001750003, 'ALS-049', NULL, NULL, NULL, NULL, NULL, 'P', NULL, NULL, NULL, NULL, NULL, NULL, NULL, NULL, NULL, NULL, NULL, NULL, NULL, NULL, NULL, NULL, NULL, 0, 1, 1, NULL, NULL, 'A', 'N', 1, '2025-10-21 00:00:00', NULL, '2025-10-22 14:44:36'),
(63, 'a1a54c0d-af55-11f0-ac16-746bb962bc87', 'UCU KAMSURI', 3276021502790010, 'ALS-050', NULL, NULL, NULL, NULL, NULL, 'P', NULL, NULL, NULL, NULL, NULL, NULL, NULL, NULL, NULL, NULL, NULL, NULL, NULL, NULL, NULL, NULL, NULL, 23, 1, 1, NULL, NULL, 'A', 'N', 1, '2025-10-21 00:00:00', NULL, '2025-10-22 14:44:36'),
(64, 'a1a5a4ca-af55-11f0-ac16-746bb962bc87', 'MASTUR', 3509030910790005, 'ALS-051', NULL, NULL, NULL, NULL, NULL, 'P', NULL, NULL, NULL, NULL, NULL, NULL, NULL, NULL, NULL, NULL, NULL, NULL, NULL, NULL, NULL, NULL, NULL, 26, 1, 1, NULL, NULL, 'A', 'N', 1, '2025-10-21 00:00:00', NULL, '2025-10-22 14:44:36'),
(65, 'a1a5f758-af55-11f0-ac16-746bb962bc87', 'ABD. ROHMAN', 3526051508790005, 'ALS-052', NULL, NULL, NULL, NULL, NULL, 'P', NULL, NULL, NULL, NULL, NULL, NULL, NULL, NULL, NULL, NULL, NULL, NULL, NULL, NULL, NULL, NULL, NULL, 26, 1, 1, NULL, NULL, 'A', 'N', 1, '2025-10-21 00:00:00', NULL, '2025-10-22 14:44:36'),
(66, 'a1a64b08-af55-11f0-ac16-746bb962bc87', 'HERY DIAN KRISTANTO', 3518052005920002, 'ALS-053', NULL, NULL, NULL, NULL, NULL, 'P', NULL, NULL, NULL, NULL, NULL, NULL, NULL, NULL, NULL, NULL, NULL, NULL, NULL, NULL, NULL, NULL, NULL, 26, 1, 1, NULL, NULL, 'A', 'N', 1, '2025-10-21 00:00:00', NULL, '2025-10-22 14:44:36'),
(67, 'a1a697b5-af55-11f0-ac16-746bb962bc87', 'AGIYAS AFIT FAN SOLIN', 3310191003920001, 'ALS-054', NULL, NULL, NULL, NULL, NULL, 'P', NULL, NULL, NULL, NULL, NULL, NULL, NULL, NULL, NULL, NULL, NULL, NULL, NULL, NULL, NULL, NULL, NULL, 26, 1, 1, NULL, NULL, 'A', 'N', 1, '2025-10-21 00:00:00', NULL, '2025-10-22 14:44:36'),
(68, 'a1a6e571-af55-11f0-ac16-746bb962bc87', 'IWAN TRIYONO', 3328010211830003, 'ALS-055', NULL, NULL, NULL, NULL, NULL, 'P', NULL, NULL, NULL, NULL, NULL, NULL, NULL, NULL, NULL, NULL, NULL, NULL, NULL, NULL, NULL, NULL, NULL, 24, 1, 1, NULL, NULL, 'A', 'N', 1, '2025-10-21 00:00:00', NULL, '2025-10-22 14:44:36'),
(69, 'a1a7373b-af55-11f0-ac16-746bb962bc87', 'AMILUKDIN', 3172022407790023, 'ALS-056', NULL, NULL, NULL, NULL, NULL, 'P', NULL, NULL, NULL, NULL, NULL, NULL, NULL, NULL, NULL, NULL, NULL, NULL, NULL, NULL, NULL, NULL, NULL, 27, 1, 1, NULL, NULL, 'A', 'N', 1, '2025-10-21 00:00:00', NULL, '2025-10-22 14:44:36'),
(70, 'a1a78a51-af55-11f0-ac16-746bb962bc87', 'ALDI PRIYO LAKSONO', 3318020512970001, 'ALS-057', NULL, NULL, NULL, NULL, NULL, 'P', NULL, NULL, NULL, NULL, NULL, NULL, NULL, NULL, NULL, NULL, NULL, NULL, NULL, NULL, NULL, NULL, NULL, 27, 1, 1, NULL, NULL, 'A', 'N', 1, '2025-10-21 00:00:00', NULL, '2025-10-22 14:44:36'),
(71, 'a1a7ddfd-af55-11f0-ac16-746bb962bc87', 'FEBRI ARIYANTO', 3510222202930005, 'ALS-058', NULL, NULL, NULL, NULL, NULL, 'P', NULL, NULL, NULL, NULL, NULL, NULL, NULL, NULL, NULL, NULL, NULL, NULL, NULL, NULL, NULL, NULL, NULL, 27, 1, 1, NULL, NULL, 'A', 'N', 1, '2025-10-21 00:00:00', NULL, '2025-10-22 14:44:36'),
(72, 'a1a8373f-af55-11f0-ac16-746bb962bc87', 'ANDIKA DWI SAPUTRA', 3518041202020006, 'ALS-059', NULL, NULL, NULL, NULL, NULL, 'P', NULL, NULL, NULL, NULL, NULL, NULL, NULL, NULL, NULL, NULL, NULL, NULL, NULL, NULL, NULL, NULL, NULL, 27, 1, 1, NULL, NULL, 'A', 'N', 1, '2025-10-21 00:00:00', NULL, '2025-10-22 14:44:36'),
(73, 'a1a88c83-af55-11f0-ac16-746bb962bc87', 'IMAM IMAMUDIN', 3601250807940003, 'ALS-060', NULL, NULL, NULL, NULL, NULL, 'P', NULL, NULL, NULL, NULL, NULL, NULL, NULL, NULL, NULL, NULL, NULL, NULL, NULL, NULL, NULL, NULL, NULL, 28, 1, 1, NULL, NULL, 'A', 'N', 1, '2025-10-21 00:00:00', NULL, '2025-10-22 14:44:36'),
(74, 'a1a8df2a-af55-11f0-ac16-746bb962bc87', 'ANDI NUGRAHA', 3602142909970003, 'ALS-061', NULL, NULL, NULL, NULL, NULL, 'P', NULL, NULL, NULL, NULL, NULL, NULL, NULL, NULL, NULL, NULL, NULL, NULL, NULL, NULL, NULL, NULL, NULL, 28, 1, 1, NULL, NULL, 'A', 'N', 1, '2025-10-21 00:00:00', NULL, '2025-10-22 14:44:36'),
(75, 'a1a930fa-af55-11f0-ac16-746bb962bc87', 'ADITA ARISTIANTO', 3672032711930004, 'ALS-062', NULL, NULL, NULL, NULL, NULL, 'P', NULL, NULL, NULL, NULL, NULL, NULL, NULL, NULL, NULL, NULL, NULL, NULL, NULL, NULL, NULL, NULL, NULL, 28, 1, 1, NULL, NULL, 'A', 'N', 1, '2025-10-21 00:00:00', NULL, '2025-10-22 14:44:36'),
(76, 'a1a985c9-af55-11f0-ac16-746bb962bc87', 'DINDIN SUGANDA', 3205020909880001, 'ALS-063', NULL, NULL, NULL, NULL, NULL, 'P', NULL, NULL, NULL, NULL, NULL, NULL, NULL, NULL, NULL, NULL, NULL, NULL, NULL, NULL, NULL, NULL, NULL, 28, 1, 1, NULL, NULL, 'A', 'N', 1, '2025-10-21 00:00:00', NULL, '2025-10-22 14:44:36'),
(77, 'a1a9dc2e-af55-11f0-ac16-746bb962bc87', 'MASROPI', 3510221004770005, 'ALS-064', NULL, NULL, NULL, NULL, NULL, 'P', NULL, NULL, NULL, NULL, NULL, NULL, NULL, NULL, NULL, NULL, NULL, NULL, NULL, NULL, NULL, NULL, NULL, 28, 1, 1, NULL, NULL, 'A', 'N', 1, '2025-10-21 00:00:00', NULL, '2025-10-22 14:44:36'),
(78, 'a1aa314e-af55-11f0-ac16-746bb962bc87', 'TARIM MAULANA', 3672031707900002, 'ALS-065', NULL, NULL, NULL, NULL, NULL, 'P', NULL, NULL, NULL, NULL, NULL, NULL, NULL, NULL, NULL, NULL, NULL, NULL, NULL, NULL, NULL, NULL, NULL, 28, 1, 1, NULL, NULL, 'A', 'N', 1, '2025-10-21 00:00:00', NULL, '2025-10-22 14:44:36'),
(79, 'a1aa8955-af55-11f0-ac16-746bb962bc87', 'MUHAMMAD IDHAM', 5201130508000003, 'ALS-066', NULL, NULL, NULL, NULL, NULL, 'P', NULL, NULL, NULL, NULL, NULL, NULL, NULL, NULL, NULL, NULL, NULL, NULL, NULL, NULL, NULL, NULL, NULL, 28, 1, 1, NULL, NULL, 'A', 'N', 1, '2025-10-21 00:00:00', NULL, '2025-10-22 14:44:36'),
(80, 'a1aada4b-af55-11f0-ac16-746bb962bc87', 'IRWANSYAH', 3510210204860008, 'ALS-067', NULL, NULL, NULL, NULL, NULL, 'P', NULL, NULL, NULL, NULL, NULL, NULL, NULL, NULL, NULL, NULL, NULL, NULL, NULL, NULL, NULL, NULL, NULL, 28, 1, 1, NULL, NULL, 'A', 'N', 1, '2025-10-21 00:00:00', NULL, '2025-10-22 14:44:36'),
(81, 'a1ac5371-af55-11f0-ac16-746bb962bc87', 'SETYARI', 3578150805680005, 'ALS-068', NULL, NULL, NULL, NULL, NULL, 'P', NULL, NULL, NULL, NULL, NULL, NULL, NULL, NULL, NULL, NULL, NULL, NULL, NULL, NULL, NULL, NULL, NULL, 25, 1, 1, NULL, NULL, 'A', 'N', 1, '2025-10-21 00:00:00', NULL, '2025-10-22 14:44:36'),
(82, 'a1addd98-af55-11f0-ac16-746bb962bc87', 'SULAIMAN', 3526010104670004, 'ALS-069', NULL, NULL, NULL, NULL, NULL, 'P', NULL, NULL, NULL, NULL, NULL, NULL, NULL, NULL, NULL, NULL, NULL, NULL, NULL, NULL, NULL, NULL, NULL, 25, 1, 1, NULL, NULL, 'A', 'N', 1, '2025-10-21 00:00:00', NULL, '2025-10-22 14:44:36'),
(83, 'a1ae3d50-af55-11f0-ac16-746bb962bc87', 'ANDRIK KURNIAWAN', 3509192303960007, 'ALS-070', NULL, NULL, NULL, NULL, NULL, 'P', NULL, NULL, NULL, NULL, NULL, NULL, NULL, NULL, NULL, NULL, NULL, NULL, NULL, NULL, NULL, NULL, NULL, 29, 1, 1, NULL, NULL, 'A', 'N', 1, '2025-10-21 00:00:00', NULL, '2025-10-22 14:44:36'),
(84, 'eeefb80d-af58-11f0-ac16-746bb962bc87', 'MOHAMMAD SALIM', 3515072305630001, 'TRB-002', NULL, NULL, NULL, NULL, NULL, 'P', NULL, NULL, NULL, NULL, NULL, NULL, NULL, NULL, NULL, NULL, NULL, NULL, NULL, NULL, NULL, NULL, NULL, 5, 4, 5, NULL, NULL, 'A', 'N', 1, '2025-10-21 00:00:00', NULL, '2025-10-22 15:08:14'),
(85, 'eef0220f-af58-11f0-ac16-746bb962bc87', 'CHANDRA PERMADI', 3523141406930001, 'TRB-003', NULL, NULL, NULL, NULL, NULL, 'P', NULL, NULL, NULL, NULL, NULL, NULL, NULL, NULL, NULL, NULL, NULL, NULL, NULL, NULL, NULL, NULL, NULL, 12, 4, 5, NULL, NULL, 'A', 'N', 1, '2025-10-21 00:00:00', NULL, '2025-10-22 15:08:14'),
(86, 'eef06953-af58-11f0-ac16-746bb962bc87', 'DISMA ANDRI AGUSTIANTO', 3672020908840001, 'TRB-004', '083465343543', NULL, 'indonesia', NULL, NULL, NULL, 'Islam', NULL, 'S', 1, NULL, NULL, NULL, NULL, NULL, NULL, NULL, NULL, NULL, NULL, NULL, NULL, NULL, 13, 4, 5, NULL, NULL, 'A', 'N', 1, '2025-10-21 00:00:00', NULL, '2025-10-24 06:31:44'),
(87, 'eef0b9ab-af58-11f0-ac16-746bb962bc87', 'EKO BANGUN HARDANI', 3325010802970003, 'TRB-005', NULL, NULL, NULL, NULL, NULL, 'P', NULL, NULL, NULL, NULL, NULL, NULL, NULL, NULL, NULL, NULL, NULL, NULL, NULL, NULL, NULL, NULL, NULL, 14, 4, 5, NULL, NULL, 'A', 'N', 1, '2025-10-21 00:00:00', NULL, '2025-10-22 15:08:14'),
(88, 'eef103d5-af58-11f0-ac16-746bb962bc87', 'ABDUL GHAFUR', 3510161001820004, 'TRB-006', NULL, NULL, NULL, NULL, NULL, 'P', NULL, NULL, NULL, NULL, NULL, NULL, NULL, NULL, NULL, NULL, NULL, NULL, NULL, NULL, NULL, NULL, NULL, 15, 4, 5, NULL, NULL, 'A', 'N', 1, '2025-10-21 00:00:00', NULL, '2025-10-22 15:08:14'),
(89, 'eef15a0d-af58-11f0-ac16-746bb962bc87', 'DONNY WIBOWO', 3516131204760002, 'TRB-007', NULL, NULL, NULL, NULL, NULL, 'P', NULL, NULL, NULL, NULL, NULL, NULL, NULL, NULL, NULL, NULL, NULL, NULL, NULL, NULL, NULL, NULL, NULL, 15, 4, 5, NULL, NULL, 'A', 'N', 1, '2025-10-21 00:00:00', NULL, '2025-10-22 15:08:14'),
(90, 'eef1ad41-af58-11f0-ac16-746bb962bc87', 'INO ARIANDI', 3573051801780002, 'TRB-008', NULL, NULL, NULL, NULL, NULL, 'P', NULL, NULL, NULL, NULL, NULL, NULL, NULL, NULL, NULL, NULL, NULL, NULL, NULL, NULL, NULL, NULL, NULL, 16, 4, 5, NULL, NULL, 'A', 'N', 1, '2025-10-21 00:00:00', NULL, '2025-10-22 15:08:14'),
(91, 'eef1f5c0-af58-11f0-ac16-746bb962bc87', 'MOHAMMAD NOVAL', 3276053005770011, 'TRB-009', NULL, NULL, NULL, NULL, NULL, 'P', NULL, NULL, NULL, NULL, NULL, NULL, NULL, NULL, NULL, NULL, NULL, NULL, NULL, NULL, NULL, NULL, NULL, 17, 4, 5, NULL, NULL, 'A', 'N', 1, '2025-10-21 00:00:00', NULL, '2025-10-22 15:08:14'),
(92, 'eef23dc7-af58-11f0-ac16-746bb962bc87', 'OSIAS ONI', 3510211207760003, 'TRB-010', NULL, NULL, NULL, NULL, NULL, 'P', NULL, NULL, NULL, NULL, NULL, NULL, NULL, NULL, NULL, NULL, NULL, NULL, NULL, NULL, NULL, NULL, NULL, 18, 4, 5, NULL, NULL, 'A', 'N', 1, '2025-10-21 00:00:00', NULL, '2025-10-22 15:08:14'),
(93, 'eef28d70-af58-11f0-ac16-746bb962bc87', 'ACHMAD MIFTAHUL HUDA', 3506241408950003, 'TRB-011', NULL, NULL, NULL, NULL, NULL, 'P', NULL, NULL, NULL, NULL, NULL, NULL, NULL, NULL, NULL, NULL, NULL, NULL, NULL, NULL, NULL, NULL, NULL, 19, 4, 5, NULL, NULL, 'A', 'N', 1, '2025-10-21 00:00:00', NULL, '2025-10-22 15:08:14'),
(94, 'eef2dce3-af58-11f0-ac16-746bb962bc87', 'HARYANTO', 3510210605900005, 'TRB-012', NULL, NULL, NULL, NULL, NULL, 'P', NULL, NULL, NULL, NULL, NULL, NULL, NULL, NULL, NULL, NULL, NULL, NULL, NULL, NULL, NULL, NULL, NULL, 20, 4, 5, NULL, NULL, 'A', 'N', 1, '2025-10-21 00:00:00', NULL, '2025-10-22 15:08:14'),
(95, 'eef32f58-af58-11f0-ac16-746bb962bc87', 'EDI RUSYANTO', 33081912790004, 'TRB-013', NULL, NULL, NULL, NULL, NULL, 'P', NULL, NULL, NULL, NULL, NULL, NULL, NULL, NULL, NULL, NULL, NULL, NULL, NULL, NULL, NULL, NULL, NULL, 21, 4, 5, NULL, NULL, 'A', 'N', 1, '2025-10-21 00:00:00', NULL, '2025-10-22 15:08:14'),
(96, 'eef380d5-af58-11f0-ac16-746bb962bc87', 'JOKO MARJITO', 3309062207799004, 'TRB-014', NULL, NULL, NULL, NULL, NULL, 'P', NULL, NULL, NULL, NULL, NULL, NULL, NULL, NULL, NULL, NULL, NULL, NULL, NULL, NULL, NULL, NULL, NULL, 23, 4, 5, NULL, NULL, 'A', 'N', 1, '2025-10-21 00:00:00', NULL, '2025-10-22 15:08:14'),
(97, 'eef3d17a-af58-11f0-ac16-746bb962bc87', 'WAHIB', 3505070507670001, 'TRB-015', NULL, NULL, NULL, NULL, NULL, 'P', NULL, NULL, NULL, NULL, NULL, NULL, NULL, NULL, NULL, NULL, NULL, NULL, NULL, NULL, NULL, NULL, NULL, 23, 4, 5, NULL, NULL, 'A', 'N', 1, '2025-10-21 00:00:00', NULL, '2025-10-22 15:08:14'),
(98, 'eef42733-af58-11f0-ac16-746bb962bc87', 'DWI FAHRIZAL', 3510212001870002, 'TRB-016', NULL, NULL, NULL, NULL, NULL, 'P', NULL, NULL, NULL, NULL, NULL, NULL, NULL, NULL, NULL, NULL, NULL, NULL, NULL, NULL, NULL, NULL, NULL, 26, 4, 5, NULL, NULL, 'A', 'N', 1, '2025-10-21 00:00:00', NULL, '2025-10-22 15:08:14'),
(99, 'eef46ea0-af58-11f0-ac16-746bb962bc87', 'AGUS WAIS AL KURNI', 3510131809990003, 'TRB-017', NULL, NULL, NULL, NULL, NULL, 'P', NULL, NULL, NULL, NULL, NULL, NULL, NULL, NULL, NULL, NULL, NULL, NULL, NULL, NULL, NULL, NULL, NULL, 26, 4, 5, NULL, NULL, 'A', 'N', 1, '2025-10-21 00:00:00', NULL, '2025-10-22 15:08:14'),
(100, 'eef4b46b-af58-11f0-ac16-746bb962bc87', 'DWI PRASETYO', 3523181011930002, 'TRB-018', NULL, NULL, NULL, NULL, NULL, 'P', NULL, NULL, NULL, NULL, NULL, NULL, NULL, NULL, NULL, NULL, NULL, NULL, NULL, NULL, NULL, NULL, NULL, 26, 4, 5, NULL, NULL, 'A', 'N', 1, '2025-10-21 00:00:00', NULL, '2025-10-22 15:08:14'),
(101, 'eef4fb08-af58-11f0-ac16-746bb962bc87', 'DUWI SUNYONO', 3519082608870002, 'TRB-019', NULL, NULL, NULL, NULL, NULL, 'P', NULL, NULL, NULL, NULL, NULL, NULL, NULL, NULL, NULL, NULL, NULL, NULL, NULL, NULL, NULL, NULL, NULL, 26, 4, 5, NULL, NULL, 'A', 'N', 1, '2025-10-21 00:00:00', NULL, '2025-10-22 15:08:14'),
(102, 'eef5423a-af58-11f0-ac16-746bb962bc87', 'YUSUF EFENDI', 3510062709010001, 'TRB-020', NULL, NULL, NULL, NULL, NULL, 'P', NULL, NULL, NULL, NULL, NULL, NULL, NULL, NULL, NULL, NULL, NULL, NULL, NULL, NULL, NULL, NULL, NULL, 24, 4, 5, NULL, NULL, 'A', 'N', 1, '2025-10-21 00:00:00', NULL, '2025-10-22 15:08:14'),
(103, 'eef5a5be-af58-11f0-ac16-746bb962bc87', 'RAHMAT SOLIHIN', 3510161303020002, 'TRB-021', NULL, NULL, NULL, NULL, NULL, 'P', NULL, NULL, NULL, NULL, NULL, NULL, NULL, NULL, NULL, NULL, NULL, NULL, NULL, NULL, NULL, NULL, NULL, 24, 4, 5, NULL, NULL, 'A', 'N', 1, '2025-10-21 00:00:00', NULL, '2025-10-22 15:08:14'),
(104, 'eef60698-af58-11f0-ac16-746bb962bc87', 'MOCH. AZRIEL ALKHABANI', 3510162810050004, 'TRB-022', NULL, NULL, NULL, NULL, NULL, 'P', NULL, NULL, NULL, NULL, NULL, NULL, NULL, NULL, NULL, NULL, NULL, NULL, NULL, NULL, NULL, NULL, NULL, 27, 4, 5, NULL, NULL, 'A', 'N', 1, '2025-10-21 00:00:00', NULL, '2025-10-22 15:08:14'),
(105, 'eef662f6-af58-11f0-ac16-746bb962bc87', 'MOH. FEBRI NURHAKIM', 3510142702070003, 'TRB-023', NULL, NULL, NULL, NULL, NULL, 'P', NULL, NULL, NULL, NULL, NULL, NULL, NULL, NULL, NULL, NULL, NULL, NULL, NULL, NULL, NULL, NULL, NULL, 27, 4, 5, NULL, NULL, 'A', 'N', 1, '2025-10-21 00:00:00', NULL, '2025-10-22 15:08:14'),
(106, 'eef6c046-af58-11f0-ac16-746bb962bc87', 'REYGI NOVANDI', 3604010111040205, 'TRB-024', NULL, NULL, NULL, NULL, NULL, 'P', NULL, NULL, NULL, NULL, NULL, NULL, NULL, NULL, NULL, NULL, NULL, NULL, NULL, NULL, NULL, NULL, NULL, 27, 4, 5, NULL, NULL, 'A', 'N', 1, '2025-10-21 00:00:00', NULL, '2025-10-22 15:08:14'),
(107, 'eef7217c-af58-11f0-ac16-746bb962bc87', 'HARIS TEGUH RAMADHAN', 3510231610050001, 'TRB-025', NULL, NULL, NULL, NULL, NULL, 'P', NULL, NULL, NULL, NULL, NULL, NULL, NULL, NULL, NULL, NULL, NULL, NULL, NULL, NULL, NULL, NULL, NULL, 27, 4, 5, NULL, NULL, 'A', 'N', 1, '2025-10-21 00:00:00', NULL, '2025-10-22 15:08:14'),
(108, 'eef78232-af58-11f0-ac16-746bb962bc87', 'NURALIM SYAHPUTRA', 7304020306000001, 'TRB-026', NULL, NULL, NULL, NULL, NULL, 'P', NULL, NULL, NULL, NULL, NULL, NULL, NULL, NULL, NULL, NULL, NULL, NULL, NULL, NULL, NULL, NULL, NULL, 0, 4, 5, NULL, NULL, 'A', 'N', 1, '2025-10-21 00:00:00', NULL, '2025-10-22 15:08:14'),
(109, 'eef7ce33-af58-11f0-ac16-746bb962bc87', 'BHACKTIAR ANDI PURWONO', 3510160409960002, 'TRB-027', NULL, NULL, NULL, NULL, NULL, 'P', NULL, NULL, NULL, NULL, NULL, NULL, NULL, NULL, NULL, NULL, NULL, NULL, NULL, NULL, NULL, NULL, NULL, 28, 4, 5, NULL, NULL, 'A', 'N', 1, '2025-10-21 00:00:00', NULL, '2025-10-22 15:08:14'),
(110, 'eef818d0-af58-11f0-ac16-746bb962bc87', 'PUTRA LANGGENG VALENTINO', 3510061402040004, 'TRB-028', NULL, NULL, NULL, NULL, NULL, 'P', NULL, NULL, NULL, NULL, NULL, NULL, NULL, NULL, NULL, NULL, NULL, NULL, NULL, NULL, NULL, NULL, NULL, 28, 4, 5, NULL, NULL, 'A', 'N', 1, '2025-10-21 00:00:00', NULL, '2025-10-22 15:08:14'),
(111, 'eef8661b-af58-11f0-ac16-746bb962bc87', 'ANGGA WIJAYA', 1801211503070001, 'TRB-029', NULL, NULL, NULL, NULL, NULL, 'P', NULL, NULL, NULL, NULL, NULL, NULL, NULL, NULL, NULL, NULL, NULL, NULL, NULL, NULL, NULL, NULL, NULL, 28, 4, 5, NULL, NULL, 'A', 'N', 1, '2025-10-21 00:00:00', NULL, '2025-10-22 15:08:14'),
(112, 'eef8b229-af58-11f0-ac16-746bb962bc87', 'DWI KURNIAWAN', 3523090701880004, 'TRB-030', NULL, NULL, NULL, NULL, NULL, 'P', NULL, NULL, NULL, NULL, NULL, NULL, NULL, NULL, NULL, NULL, NULL, NULL, NULL, NULL, NULL, NULL, NULL, 28, 4, 5, NULL, NULL, 'A', 'N', 1, '2025-10-21 00:00:00', NULL, '2025-10-22 15:08:14'),
(113, 'eef8ffca-af58-11f0-ac16-746bb962bc87', 'FOURISAN WELYANDI IRMAWAN', 3510161411930005, 'TRB-031', NULL, NULL, NULL, NULL, NULL, 'P', NULL, NULL, NULL, NULL, NULL, NULL, NULL, NULL, NULL, NULL, NULL, NULL, NULL, NULL, NULL, NULL, NULL, 28, 4, 5, NULL, NULL, 'A', 'N', 1, '2025-10-21 00:00:00', NULL, '2025-10-22 15:08:14'),
(114, 'eef951db-af58-11f0-ac16-746bb962bc87', 'FAJAR SIDIK', 3526011204820010, 'TRB-032', NULL, NULL, NULL, NULL, NULL, 'P', NULL, NULL, NULL, NULL, NULL, NULL, NULL, NULL, NULL, NULL, NULL, NULL, NULL, NULL, NULL, NULL, NULL, 28, 4, 5, NULL, NULL, 'A', 'N', 1, '2025-10-21 00:00:00', NULL, '2025-10-22 15:08:14'),
(115, 'eef9a5a7-af58-11f0-ac16-746bb962bc87', 'INDRA WIJAYA', 3203090108910011, 'TRB-033', NULL, NULL, NULL, NULL, NULL, 'P', NULL, NULL, NULL, NULL, NULL, NULL, NULL, NULL, NULL, NULL, NULL, NULL, NULL, NULL, NULL, NULL, NULL, 28, 4, 5, NULL, NULL, 'A', 'N', 1, '2025-10-21 00:00:00', NULL, '2025-10-22 15:08:14'),
(116, 'eef9f847-af58-11f0-ac16-746bb962bc87', 'MICOLLA SYAHPUTRA', 1306022510020004, 'TRB-034', NULL, NULL, NULL, NULL, NULL, 'P', NULL, NULL, NULL, NULL, NULL, NULL, NULL, NULL, NULL, NULL, NULL, NULL, NULL, NULL, NULL, NULL, NULL, 28, 4, 5, NULL, NULL, 'A', 'N', 1, '2025-10-21 00:00:00', NULL, '2025-10-22 15:08:14'),
(117, 'eefa5121-af58-11f0-ac16-746bb962bc87', 'SUYATNO', 1807071505880007, 'TRB-035', NULL, NULL, NULL, NULL, NULL, 'P', NULL, NULL, NULL, NULL, NULL, NULL, NULL, NULL, NULL, NULL, NULL, NULL, NULL, NULL, NULL, NULL, NULL, 25, 4, 5, NULL, NULL, 'A', 'N', 1, '2025-10-21 00:00:00', NULL, '2025-10-22 15:08:14'),
(118, 'eefaa554-af58-11f0-ac16-746bb962bc87', 'ROIHAN RAMADANI', 3573032910040005, 'TRB-036', NULL, NULL, NULL, NULL, NULL, 'P', NULL, NULL, NULL, NULL, NULL, NULL, NULL, NULL, NULL, NULL, NULL, NULL, NULL, NULL, NULL, NULL, NULL, 25, 4, 5, NULL, NULL, 'A', 'N', 1, '2025-10-21 00:00:00', NULL, '2025-10-22 15:08:14'),
(119, 'eefb089e-af58-11f0-ac16-746bb962bc87', 'MUHAMMAD RISKI PULUNGAN', 1277052608040006, 'TRB-037', NULL, NULL, NULL, NULL, NULL, 'P', NULL, NULL, NULL, NULL, NULL, NULL, NULL, NULL, NULL, NULL, NULL, NULL, NULL, NULL, NULL, NULL, NULL, 29, 4, 5, NULL, NULL, 'A', 'N', 1, '2025-10-21 00:00:00', NULL, '2025-10-22 15:08:14'),
(120, '536dbc6b-af5b-11f0-ac16-746bb962bc87', 'BISRI', 3374132811730001, 'TLM-002', NULL, NULL, NULL, NULL, NULL, 'P', NULL, NULL, NULL, NULL, NULL, NULL, NULL, NULL, NULL, NULL, NULL, NULL, NULL, NULL, NULL, NULL, NULL, 5, 3, 3, NULL, NULL, 'A', 'N', 1, '2025-10-21 00:00:00', NULL, '2025-10-22 15:25:22'),
(121, '536e2fec-af5b-11f0-ac16-746bb962bc87', 'SENEN', 3578050101680007, 'TLM-003', NULL, NULL, NULL, NULL, NULL, 'P', NULL, NULL, NULL, NULL, NULL, NULL, NULL, NULL, NULL, NULL, NULL, NULL, NULL, NULL, NULL, NULL, NULL, 12, 3, 3, NULL, NULL, 'A', 'N', 1, '2025-10-21 00:00:00', NULL, '2025-10-22 15:25:22'),
(122, '536e8540-af5b-11f0-ac16-746bb962bc87', 'WIRYA WINATA', 3208121503770004, 'TLM-004', NULL, NULL, NULL, NULL, NULL, 'P', NULL, NULL, NULL, NULL, NULL, NULL, NULL, NULL, NULL, NULL, NULL, NULL, NULL, NULL, NULL, NULL, NULL, 13, 3, 3, NULL, NULL, 'A', 'N', 1, '2025-10-21 00:00:00', NULL, '2025-10-22 15:25:22'),
(123, '536ed709-af5b-11f0-ac16-746bb962bc87', 'RADEN CHANDRA KUSUMA', 1605137510940006, 'TLM-005', NULL, NULL, NULL, NULL, NULL, 'P', NULL, NULL, NULL, NULL, NULL, NULL, NULL, NULL, NULL, NULL, NULL, NULL, NULL, NULL, NULL, NULL, NULL, 14, 3, 3, NULL, NULL, 'A', 'N', 1, '2025-10-21 00:00:00', NULL, '2025-10-22 15:25:22'),
(124, '536f213f-af5b-11f0-ac16-746bb962bc87', 'SUPRIYANTO', 3510212404840002, 'TLM-006', NULL, NULL, NULL, NULL, NULL, 'P', NULL, NULL, NULL, NULL, NULL, NULL, NULL, NULL, NULL, NULL, NULL, NULL, NULL, NULL, NULL, NULL, NULL, 15, 3, 3, NULL, NULL, 'A', 'N', 1, '2025-10-21 00:00:00', NULL, '2025-10-22 15:25:22'),
(125, '536f751e-af5b-11f0-ac16-746bb962bc87', 'SIGIT HERNAWAN', 3302131103780001, 'TLM-007', NULL, NULL, NULL, NULL, NULL, 'P', NULL, NULL, NULL, NULL, NULL, NULL, NULL, NULL, NULL, NULL, NULL, NULL, NULL, NULL, NULL, NULL, NULL, 16, 3, 3, NULL, NULL, 'A', 'N', 1, '2025-10-21 00:00:00', NULL, '2025-10-22 15:25:22'),
(126, '536fd21b-af5b-11f0-ac16-746bb962bc87', 'HENDRA SUKMANA SUNARYO', 320101050880009, 'TLM-008', NULL, NULL, NULL, NULL, NULL, 'P', NULL, NULL, NULL, NULL, NULL, NULL, NULL, NULL, NULL, NULL, NULL, NULL, NULL, NULL, NULL, NULL, NULL, 17, 3, 3, NULL, NULL, 'A', 'N', 1, '2025-10-21 00:00:00', NULL, '2025-10-22 15:25:22'),
(127, '53701ff9-af5b-11f0-ac16-746bb962bc87', 'ODIM RONI SAPUTRA', 3521112410960003, 'TLM-009', NULL, NULL, NULL, NULL, NULL, 'P', NULL, NULL, NULL, NULL, NULL, NULL, NULL, NULL, NULL, NULL, NULL, NULL, NULL, NULL, NULL, NULL, NULL, 18, 3, 3, NULL, NULL, 'A', 'N', 1, '2025-10-21 00:00:00', NULL, '2025-10-22 15:25:22'),
(128, '53706a56-af5b-11f0-ac16-746bb962bc87', 'ALIFIAN IRHAMNA', 3510211012950001, 'TLM-010', NULL, NULL, NULL, NULL, NULL, 'P', NULL, NULL, NULL, NULL, NULL, NULL, NULL, NULL, NULL, NULL, NULL, NULL, NULL, NULL, NULL, NULL, NULL, 19, 3, 3, NULL, NULL, 'A', 'N', 1, '2025-10-21 00:00:00', NULL, '2025-10-22 15:25:22'),
(129, '5370c368-af5b-11f0-ac16-746bb962bc87', 'ANDI MUHAROM', 3310062107920002, 'TLM-011', NULL, NULL, NULL, NULL, NULL, 'P', NULL, NULL, NULL, NULL, NULL, NULL, NULL, NULL, NULL, NULL, NULL, NULL, NULL, NULL, NULL, NULL, NULL, 20, 3, 3, NULL, NULL, 'A', 'N', 1, '2025-10-21 00:00:00', NULL, '2025-10-22 15:25:22'),
(130, '53711b25-af5b-11f0-ac16-746bb962bc87', 'U. SOLEHUDIN', 3203061707720012, 'TLM-012', NULL, NULL, NULL, NULL, NULL, 'P', NULL, NULL, NULL, NULL, NULL, NULL, NULL, NULL, NULL, NULL, NULL, NULL, NULL, NULL, NULL, NULL, NULL, 21, 3, 3, NULL, NULL, 'A', 'N', 1, '2025-10-21 00:00:00', NULL, '2025-10-22 15:25:22'),
(131, '5371676c-af5b-11f0-ac16-746bb962bc87', 'BAGUS MUSTOFA', 3510160108930006, 'TLM-013', NULL, NULL, NULL, NULL, NULL, 'P', NULL, NULL, NULL, NULL, NULL, NULL, NULL, NULL, NULL, NULL, NULL, NULL, NULL, NULL, NULL, NULL, NULL, 30, 3, 3, NULL, NULL, 'A', 'N', 1, '2025-10-21 00:00:00', NULL, '2025-10-22 15:25:22'),
(132, '5371b7f6-af5b-11f0-ac16-746bb962bc87', 'ISMAUN USMAN', 3526011908710002, 'TLM-014', NULL, NULL, NULL, NULL, NULL, 'P', NULL, NULL, NULL, NULL, NULL, NULL, NULL, NULL, NULL, NULL, NULL, NULL, NULL, NULL, NULL, NULL, NULL, 23, 3, 3, NULL, NULL, 'A', 'N', 1, '2025-10-21 00:00:00', NULL, '2025-10-22 15:25:22'),
(133, '53720eb4-af5b-11f0-ac16-746bb962bc87', 'NANO SURYONO', 3313091501820002, 'TLM-015', NULL, NULL, NULL, NULL, NULL, 'P', NULL, NULL, NULL, NULL, NULL, NULL, NULL, NULL, NULL, NULL, NULL, NULL, NULL, NULL, NULL, NULL, NULL, 23, 3, 3, NULL, NULL, 'A', 'N', 1, '2025-10-21 00:00:00', NULL, '2025-10-22 15:25:22'),
(134, '537261ef-af5b-11f0-ac16-746bb962bc87', 'BAGUS PAHLEVIARSA', 3510161011890001, 'TLM-016', NULL, NULL, NULL, NULL, NULL, 'P', NULL, NULL, NULL, NULL, NULL, NULL, NULL, NULL, NULL, NULL, NULL, NULL, NULL, NULL, NULL, NULL, NULL, 26, 3, 3, NULL, NULL, 'A', 'N', 1, '2025-10-21 00:00:00', NULL, '2025-10-22 15:25:22'),
(135, '5372bda7-af5b-11f0-ac16-746bb962bc87', 'HERU PURNOMO', 3510161609930003, 'TLM-017', NULL, NULL, NULL, NULL, NULL, 'P', NULL, NULL, NULL, NULL, NULL, NULL, NULL, NULL, NULL, NULL, NULL, NULL, NULL, NULL, NULL, NULL, NULL, 26, 3, 3, NULL, NULL, 'A', 'N', 1, '2025-10-21 00:00:00', NULL, '2025-10-22 15:25:22'),
(136, '53736569-af5b-11f0-ac16-746bb962bc87', 'ARIS SETIAWAN', 1801210709920003, 'TLM-018', NULL, NULL, NULL, NULL, NULL, 'P', NULL, NULL, NULL, NULL, NULL, NULL, NULL, NULL, NULL, NULL, NULL, NULL, NULL, NULL, NULL, NULL, NULL, 26, 3, 3, NULL, NULL, 'A', 'N', 1, '2025-10-21 00:00:00', NULL, '2025-10-22 15:25:22'),
(137, '5373a964-af5b-11f0-ac16-746bb962bc87', 'SARIFUDIN', 3672030304700002, 'TLM-019', NULL, NULL, NULL, NULL, NULL, 'P', NULL, NULL, NULL, NULL, NULL, NULL, NULL, NULL, NULL, NULL, NULL, NULL, NULL, NULL, NULL, NULL, NULL, 26, 3, 3, NULL, NULL, 'A', 'N', 1, '2025-10-21 00:00:00', NULL, '2025-10-22 15:25:22'),
(138, '5373eaa1-af5b-11f0-ac16-746bb962bc87', 'SUWARDI', 3301220906790008, 'TLM-020', NULL, NULL, NULL, NULL, NULL, 'P', NULL, NULL, NULL, NULL, NULL, NULL, NULL, NULL, NULL, NULL, NULL, NULL, NULL, NULL, NULL, NULL, NULL, 24, 3, 3, NULL, NULL, 'A', 'N', 1, '2025-10-21 00:00:00', NULL, '2025-10-22 15:25:22'),
(139, '537426db-af5b-11f0-ac16-746bb962bc87', 'SUNARKO WIBOWO', 3510220205810007, 'TLM-021', NULL, NULL, NULL, NULL, NULL, 'P', NULL, NULL, NULL, NULL, NULL, NULL, NULL, NULL, NULL, NULL, NULL, NULL, NULL, NULL, NULL, NULL, NULL, 27, 3, 3, NULL, NULL, 'A', 'N', 1, '2025-10-21 00:00:00', NULL, '2025-10-22 15:25:22'),
(140, '537463df-af5b-11f0-ac16-746bb962bc87', 'MEKA SUSANTO', 3173071111930005, 'TLM-022', NULL, NULL, NULL, NULL, NULL, 'P', NULL, NULL, NULL, NULL, NULL, NULL, NULL, NULL, NULL, NULL, NULL, NULL, NULL, NULL, NULL, NULL, NULL, 27, 3, 3, NULL, NULL, 'A', 'N', 1, '2025-10-21 00:00:00', NULL, '2025-10-22 15:25:22'),
(141, '53749f49-af5b-11f0-ac16-746bb962bc87', 'ANGGI NURPAIDI', 3510161611960001, 'TLM-023', NULL, NULL, NULL, NULL, NULL, 'P', NULL, NULL, NULL, NULL, NULL, NULL, NULL, NULL, NULL, NULL, NULL, NULL, NULL, NULL, NULL, NULL, NULL, 27, 3, 3, NULL, NULL, 'A', 'N', 1, '2025-10-21 00:00:00', NULL, '2025-10-22 15:25:22'),
(142, '5374d9f8-af5b-11f0-ac16-746bb962bc87', 'DIAN KUSDIANTO', 3206061206820002, 'TLM-024', NULL, NULL, NULL, NULL, NULL, 'P', NULL, NULL, NULL, NULL, NULL, NULL, NULL, NULL, NULL, NULL, NULL, NULL, NULL, NULL, NULL, NULL, NULL, 27, 3, 3, NULL, NULL, 'A', 'N', 1, '2025-10-21 00:00:00', NULL, '2025-10-22 15:25:22'),
(143, '53751515-af5b-11f0-ac16-746bb962bc87', 'GERRY FERDIANSYAH', 1306021901000003, 'TLM-025', NULL, NULL, NULL, NULL, NULL, 'P', NULL, NULL, NULL, NULL, NULL, NULL, NULL, NULL, NULL, NULL, NULL, NULL, NULL, NULL, NULL, NULL, NULL, 27, 3, 3, NULL, NULL, 'A', 'N', 1, '2025-10-21 00:00:00', NULL, '2025-10-22 15:25:22'),
(144, '537551c7-af5b-11f0-ac16-746bb962bc87', 'AMRIKA FERNANDA', 1306020506990006, 'TLM-026', NULL, NULL, NULL, NULL, NULL, 'P', NULL, NULL, NULL, NULL, NULL, NULL, NULL, NULL, NULL, NULL, NULL, NULL, NULL, NULL, NULL, NULL, NULL, 27, 3, 3, NULL, NULL, 'A', 'N', 1, '2025-10-21 00:00:00', NULL, '2025-10-22 15:25:22'),
(145, '53759047-af5b-11f0-ac16-746bb962bc87', 'SUMARDI', 3604092712720002, 'TLM-027', NULL, NULL, NULL, NULL, NULL, 'P', NULL, NULL, NULL, NULL, NULL, NULL, NULL, NULL, NULL, NULL, NULL, NULL, NULL, NULL, NULL, NULL, NULL, 28, 3, 3, NULL, NULL, 'A', 'N', 1, '2025-10-21 00:00:00', NULL, '2025-10-22 15:25:22'),
(146, '5375d309-af5b-11f0-ac16-746bb962bc87', 'SARENGAT SAPUTRA', 3303090205730001, 'TLM-028', NULL, NULL, NULL, NULL, NULL, 'P', NULL, NULL, NULL, NULL, NULL, NULL, NULL, NULL, NULL, NULL, NULL, NULL, NULL, NULL, NULL, NULL, NULL, 28, 3, 3, NULL, NULL, 'A', 'N', 1, '2025-10-21 00:00:00', NULL, '2025-10-22 15:25:22'),
(147, '53760fba-af5b-11f0-ac16-746bb962bc87', 'HARIS NALDI', 1306022503950011, 'TLM-029', NULL, NULL, NULL, NULL, NULL, 'P', NULL, NULL, NULL, NULL, NULL, NULL, NULL, NULL, NULL, NULL, NULL, NULL, NULL, NULL, NULL, NULL, NULL, 28, 3, 3, NULL, NULL, 'A', 'N', 1, '2025-10-21 00:00:00', NULL, '2025-10-22 15:25:22'),
(148, '53764ab7-af5b-11f0-ac16-746bb962bc87', 'ADJIE PURNA SETYADI', 1306021812970001, 'TLM-030', NULL, NULL, NULL, NULL, NULL, 'P', NULL, NULL, NULL, NULL, NULL, NULL, NULL, NULL, NULL, NULL, NULL, NULL, NULL, NULL, NULL, NULL, NULL, 28, 3, 3, NULL, NULL, 'A', 'N', 1, '2025-10-21 00:00:00', NULL, '2025-10-22 15:25:22'),
(149, '5376865c-af5b-11f0-ac16-746bb962bc87', 'HARI KURNIAWAN', 3672010401920003, 'TLM-031', NULL, NULL, NULL, NULL, NULL, 'P', NULL, NULL, NULL, NULL, NULL, NULL, NULL, NULL, NULL, NULL, NULL, NULL, NULL, NULL, NULL, NULL, NULL, 28, 3, 3, NULL, NULL, 'A', 'N', 1, '2025-10-21 00:00:00', NULL, '2025-10-22 15:25:22'),
(150, '5376c0fe-af5b-11f0-ac16-746bb962bc87', 'ARIF ZAENAL FIRDAUS', 3672032404070003, 'TLM-032', NULL, NULL, NULL, NULL, NULL, 'P', NULL, NULL, NULL, NULL, NULL, NULL, NULL, NULL, NULL, NULL, NULL, NULL, NULL, NULL, NULL, NULL, NULL, 28, 3, 3, NULL, NULL, 'A', 'N', 1, '2025-10-21 00:00:00', NULL, '2025-10-22 15:25:22'),
(151, '5376fd63-af5b-11f0-ac16-746bb962bc87', 'TEGUH ARIYANTO', 3672072703960006, 'TLM-033', NULL, NULL, NULL, NULL, NULL, 'P', NULL, NULL, NULL, NULL, NULL, NULL, NULL, NULL, NULL, NULL, NULL, NULL, NULL, NULL, NULL, NULL, NULL, 28, 3, 3, NULL, NULL, 'A', 'N', 1, '2025-10-21 00:00:00', NULL, '2025-10-22 15:25:22'),
(152, '53773873-af5b-11f0-ac16-746bb962bc87', 'RIZKI APRILIYANTO', 3526011504030001, 'TLM-034', NULL, NULL, NULL, NULL, NULL, 'P', NULL, NULL, NULL, NULL, NULL, NULL, NULL, NULL, NULL, NULL, NULL, NULL, NULL, NULL, NULL, NULL, NULL, 28, 3, 3, NULL, NULL, 'A', 'N', 1, '2025-10-21 00:00:00', NULL, '2025-10-22 15:25:22'),
(153, '53777631-af5b-11f0-ac16-746bb962bc87', 'ABD. AZIZ', 3526011304880011, 'TLM-035', NULL, NULL, NULL, NULL, NULL, 'P', NULL, NULL, NULL, NULL, NULL, NULL, NULL, NULL, NULL, NULL, NULL, NULL, NULL, NULL, NULL, NULL, NULL, 28, 3, 3, NULL, NULL, 'A', 'N', 1, '2025-10-21 00:00:00', NULL, '2025-10-22 15:25:22'),
(154, '5377bcc1-af5b-11f0-ac16-746bb962bc87', 'HAMIDI', 3602120204780005, 'TLM-036', NULL, NULL, NULL, NULL, NULL, 'P', NULL, NULL, NULL, NULL, NULL, NULL, NULL, NULL, NULL, NULL, NULL, NULL, NULL, NULL, NULL, NULL, NULL, 25, 3, 3, NULL, NULL, 'A', 'N', 1, '2025-10-21 00:00:00', NULL, '2025-10-22 15:25:22'),
(155, '53780500-af5b-11f0-ac16-746bb962bc87', 'JOKO EDI M', 3318102204880007, 'TLM-037', NULL, NULL, NULL, NULL, NULL, 'P', NULL, NULL, NULL, NULL, NULL, NULL, NULL, NULL, NULL, NULL, NULL, NULL, NULL, NULL, NULL, NULL, NULL, 29, 3, 3, NULL, NULL, 'A', 'N', 1, '2025-10-21 00:00:00', NULL, '2025-10-22 15:25:22'),
(156, '51e467ef-af5d-11f0-ac16-746bb962bc87', 'DEDISMEN', 3204321010740023, 'TLM-038', NULL, NULL, NULL, NULL, NULL, 'P', NULL, NULL, NULL, NULL, NULL, NULL, NULL, NULL, NULL, NULL, NULL, NULL, NULL, NULL, NULL, NULL, NULL, 5, 3, 4, NULL, NULL, 'A', 'N', 1, '2025-10-21 00:00:00', NULL, '2025-10-22 15:39:38'),
(157, '51e4c81d-af5d-11f0-ac16-746bb962bc87', 'ARDIAN DWI SAPUTRA', 3672022603890001, 'TLM-039', NULL, NULL, NULL, NULL, NULL, 'P', NULL, NULL, NULL, NULL, NULL, NULL, NULL, NULL, NULL, NULL, NULL, NULL, NULL, NULL, NULL, NULL, NULL, 12, 3, 4, NULL, NULL, 'A', 'N', 1, '2025-10-21 00:00:00', NULL, '2025-10-22 15:39:38'),
(158, '51e50a8b-af5d-11f0-ac16-746bb962bc87', 'JANUAR SUMIARTA', 3672012901670001, 'TLM-040', NULL, NULL, NULL, NULL, NULL, 'P', NULL, NULL, NULL, NULL, NULL, NULL, NULL, NULL, NULL, NULL, NULL, NULL, NULL, NULL, NULL, NULL, NULL, 13, 3, 4, NULL, NULL, 'A', 'N', 1, '2025-10-21 00:00:00', NULL, '2025-10-22 15:39:38'),
(159, '51e54c0d-af5d-11f0-ac16-746bb962bc87', 'SUROTO', 3216060405670015, 'TLM-041', NULL, NULL, NULL, NULL, NULL, 'P', NULL, NULL, NULL, NULL, NULL, NULL, NULL, NULL, NULL, NULL, NULL, NULL, NULL, NULL, NULL, NULL, NULL, 14, 3, 4, NULL, NULL, 'A', 'N', 1, '2025-10-21 00:00:00', NULL, '2025-10-22 15:39:38'),
(160, '51e58bc4-af5d-11f0-ac16-746bb962bc87', 'SURAHMAN', 332817131080004, 'TLM-042', NULL, NULL, NULL, NULL, NULL, 'P', NULL, NULL, NULL, NULL, NULL, NULL, NULL, NULL, NULL, NULL, NULL, NULL, NULL, NULL, NULL, NULL, NULL, 15, 3, 4, NULL, NULL, 'A', 'N', 1, '2025-10-21 00:00:00', NULL, '2025-10-22 15:39:38'),
(161, '51e5cce2-af5d-11f0-ac16-746bb962bc87', 'WALIYONO', 3323072311750002, 'TLM-043', NULL, NULL, NULL, NULL, NULL, 'P', NULL, NULL, NULL, NULL, NULL, NULL, NULL, NULL, NULL, NULL, NULL, NULL, NULL, NULL, NULL, NULL, NULL, 16, 3, 4, NULL, NULL, 'A', 'N', 1, '2025-10-21 00:00:00', NULL, '2025-10-22 15:39:38'),
(162, '51e60af3-af5d-11f0-ac16-746bb962bc87', 'BAMBANG HARTOPO', 3671061008810006, 'TLM-044', NULL, NULL, NULL, NULL, NULL, 'P', NULL, NULL, NULL, NULL, NULL, NULL, NULL, NULL, NULL, NULL, NULL, NULL, NULL, NULL, NULL, NULL, NULL, 17, 3, 4, NULL, NULL, 'A', 'N', 1, '2025-10-21 00:00:00', NULL, '2025-10-22 15:39:38'),
(163, '51e64cd4-af5d-11f0-ac16-746bb962bc87', 'YOHANES', 3510211004770006, 'TLM-045', NULL, NULL, NULL, NULL, NULL, 'P', NULL, NULL, NULL, NULL, NULL, NULL, NULL, NULL, NULL, NULL, NULL, NULL, NULL, NULL, NULL, NULL, NULL, 18, 3, 4, NULL, NULL, 'A', 'N', 1, '2025-10-21 00:00:00', NULL, '2025-10-22 15:39:38'),
(164, '51e6899c-af5d-11f0-ac16-746bb962bc87', 'SAMSUL ARIFIN', 3519072912880001, 'TLM-046', NULL, NULL, NULL, NULL, NULL, 'P', NULL, NULL, NULL, NULL, NULL, NULL, NULL, NULL, NULL, NULL, NULL, NULL, NULL, NULL, NULL, NULL, NULL, 19, 3, 4, NULL, NULL, 'A', 'N', 1, '2025-10-21 00:00:00', NULL, '2025-10-22 15:39:38'),
(165, '51e6c599-af5d-11f0-ac16-746bb962bc87', 'ATEP DADANG', 3672031502850003, 'TLM-047', NULL, NULL, NULL, NULL, NULL, 'P', NULL, NULL, NULL, NULL, NULL, NULL, NULL, NULL, NULL, NULL, NULL, NULL, NULL, NULL, NULL, NULL, NULL, 20, 3, 4, NULL, NULL, 'A', 'N', 1, '2025-10-21 00:00:00', NULL, '2025-10-22 15:39:38'),
(166, '51e70152-af5d-11f0-ac16-746bb962bc87', 'ROZI SAPUTRA', 1305092606980002, 'TLM-048', NULL, NULL, NULL, NULL, NULL, 'P', NULL, NULL, NULL, NULL, NULL, NULL, NULL, NULL, NULL, NULL, NULL, NULL, NULL, NULL, NULL, NULL, NULL, 21, 3, 4, NULL, NULL, 'A', 'N', 1, '2025-10-21 00:00:00', NULL, '2025-10-22 15:39:38'),
(167, '51e73f3a-af5d-11f0-ac16-746bb962bc87', 'M. AKBAR', 1506042810960002, 'TLM-049', NULL, NULL, NULL, NULL, NULL, 'P', NULL, NULL, NULL, NULL, NULL, NULL, NULL, NULL, NULL, NULL, NULL, NULL, NULL, NULL, NULL, NULL, NULL, 30, 3, 4, NULL, NULL, 'A', 'N', 1, '2025-10-21 00:00:00', NULL, '2025-10-22 15:39:38'),
(168, '51e77e40-af5d-11f0-ac16-746bb962bc87', 'PONIMAN', 3510212312710003, 'TLM-050', NULL, NULL, NULL, NULL, NULL, 'P', NULL, NULL, NULL, NULL, NULL, NULL, NULL, NULL, NULL, NULL, NULL, NULL, NULL, NULL, NULL, NULL, NULL, 23, 3, 4, NULL, NULL, 'A', 'N', 1, '2025-10-21 00:00:00', NULL, '2025-10-22 15:39:38');
INSERT INTO `karyawan` (`id`, `uid`, `nama`, `nik`, `nip`, `telp`, `email`, `alamat`, `tmp_lahir`, `tgl_lahir`, `jk`, `agama`, `gol_darah`, `status_kawin`, `status_ptkp`, `pend`, `institusi_pend`, `jurusan`, `sertifikat`, `status_karyawan`, `nama_bank`, `nama_rekening`, `no_rekening`, `cabang_bank`, `npwp`, `bpjs_kes`, `bpjs_tk`, `tgl_mulai`, `id_jabatan`, `id_perusahaan`, `id_kapal`, `tanda_tangan`, `foto`, `status`, `resign`, `created_by`, `created_date`, `changed_by`, `changed_date`) VALUES
(169, '51e7bbcb-af5d-11f0-ac16-746bb962bc87', 'IRVAN ALFITRAH', 1172013011930001, 'TLM-051', NULL, NULL, NULL, NULL, NULL, 'P', NULL, NULL, NULL, NULL, NULL, NULL, NULL, NULL, NULL, NULL, NULL, NULL, NULL, NULL, NULL, NULL, NULL, 23, 3, 4, NULL, NULL, 'A', 'N', 1, '2025-10-21 00:00:00', NULL, '2025-10-22 15:39:38'),
(170, '51e7f6af-af5d-11f0-ac16-746bb962bc87', 'MUNIF MUSTOFA', 1801210303850001, 'TLM-052', NULL, NULL, NULL, NULL, NULL, 'P', NULL, NULL, NULL, NULL, NULL, NULL, NULL, NULL, NULL, NULL, NULL, NULL, NULL, NULL, NULL, NULL, NULL, 26, 3, 4, NULL, NULL, 'A', 'N', 1, '2025-10-21 00:00:00', NULL, '2025-10-22 15:39:38'),
(171, '51e832a9-af5d-11f0-ac16-746bb962bc87', 'FERYAN KUBRI', 1105010806950007, 'TLM-053', NULL, NULL, NULL, NULL, NULL, 'P', NULL, NULL, NULL, NULL, NULL, NULL, NULL, NULL, NULL, NULL, NULL, NULL, NULL, NULL, NULL, NULL, NULL, 26, 3, 4, NULL, NULL, 'A', 'N', 1, '2025-10-21 00:00:00', NULL, '2025-10-22 15:39:38'),
(172, '51e871da-af5d-11f0-ac16-746bb962bc87', 'ZULFADLI', 1101150403930000, 'TLM-054', NULL, NULL, NULL, NULL, NULL, 'P', NULL, NULL, NULL, NULL, NULL, NULL, NULL, NULL, NULL, NULL, NULL, NULL, NULL, NULL, NULL, NULL, NULL, 26, 3, 4, NULL, NULL, 'A', 'N', 1, '2025-10-21 00:00:00', NULL, '2025-10-22 15:39:38'),
(173, '51e8af6d-af5d-11f0-ac16-746bb962bc87', 'EKA PERDANA', 1306020610000001, 'TLM-055', NULL, NULL, NULL, NULL, NULL, 'P', NULL, NULL, NULL, NULL, NULL, NULL, NULL, NULL, NULL, NULL, NULL, NULL, NULL, NULL, NULL, NULL, NULL, 26, 3, 4, NULL, NULL, 'A', 'N', 1, '2025-10-21 00:00:00', NULL, '2025-10-22 15:39:38'),
(174, '51e8edc0-af5d-11f0-ac16-746bb962bc87', 'ADEK GUSRIANTO', 1305060908920001, 'TLM-056', NULL, NULL, NULL, NULL, NULL, 'P', NULL, NULL, NULL, NULL, NULL, NULL, NULL, NULL, NULL, NULL, NULL, NULL, NULL, NULL, NULL, NULL, NULL, 24, 3, 4, NULL, NULL, 'A', 'N', 1, '2025-10-21 00:00:00', NULL, '2025-10-22 15:39:38'),
(175, '51e92c0c-af5d-11f0-ac16-746bb962bc87', 'REZA MAHENDRA', 1801210309990001, 'TLM-057', NULL, NULL, NULL, NULL, NULL, 'P', NULL, NULL, NULL, NULL, NULL, NULL, NULL, NULL, NULL, NULL, NULL, NULL, NULL, NULL, NULL, NULL, NULL, 27, 3, 4, NULL, NULL, 'A', 'N', 1, '2025-10-21 00:00:00', NULL, '2025-10-22 15:39:38'),
(176, '51e96aa6-af5d-11f0-ac16-746bb962bc87', 'DEDY PRIYO. S', 3578130912920001, 'TLM-058', NULL, NULL, NULL, NULL, NULL, 'P', NULL, NULL, NULL, NULL, NULL, NULL, NULL, NULL, NULL, NULL, NULL, NULL, NULL, NULL, NULL, NULL, NULL, 27, 3, 4, NULL, NULL, 'A', 'N', 1, '2025-10-21 00:00:00', NULL, '2025-10-22 15:39:38'),
(177, '51e9b450-af5d-11f0-ac16-746bb962bc87', 'BAYU PRAYOGO', 1810081808950001, 'TLM-059', NULL, NULL, NULL, NULL, NULL, 'P', NULL, NULL, NULL, NULL, NULL, NULL, NULL, NULL, NULL, NULL, NULL, NULL, NULL, NULL, NULL, NULL, NULL, 27, 3, 4, NULL, NULL, 'A', 'N', 1, '2025-10-21 00:00:00', NULL, '2025-10-22 15:39:38'),
(178, '51e9f19a-af5d-11f0-ac16-746bb962bc87', 'M. IRVAN ABDUL FAQIH', 3315073001990002, 'TLM-060', NULL, NULL, NULL, NULL, NULL, 'P', NULL, NULL, NULL, NULL, NULL, NULL, NULL, NULL, NULL, NULL, NULL, NULL, NULL, NULL, NULL, NULL, NULL, 27, 3, 4, NULL, NULL, 'A', 'N', 1, '2025-10-21 00:00:00', NULL, '2025-10-22 15:39:38'),
(179, '51ea3136-af5d-11f0-ac16-746bb962bc87', 'YUWONO', 3672010505700004, 'TLM-061', NULL, NULL, NULL, NULL, NULL, 'P', NULL, NULL, NULL, NULL, NULL, NULL, NULL, NULL, NULL, NULL, NULL, NULL, NULL, NULL, NULL, NULL, NULL, 28, 3, 4, NULL, NULL, 'A', 'N', 1, '2025-10-21 00:00:00', NULL, '2025-10-22 15:39:38'),
(180, '51ea7126-af5d-11f0-ac16-746bb962bc87', 'KIKIN EFENDI', 3510161104910001, 'TLM-062', NULL, NULL, NULL, NULL, NULL, 'P', NULL, NULL, NULL, NULL, NULL, NULL, NULL, NULL, NULL, NULL, NULL, NULL, NULL, NULL, NULL, NULL, NULL, 28, 3, 4, NULL, NULL, 'A', 'N', 1, '2025-10-21 00:00:00', NULL, '2025-10-22 15:39:38'),
(181, '51eab0e4-af5d-11f0-ac16-746bb962bc87', 'ERI YUDA', 1305061902010001, 'TLM-063', NULL, NULL, NULL, NULL, NULL, 'P', NULL, NULL, NULL, NULL, NULL, NULL, NULL, NULL, NULL, NULL, NULL, NULL, NULL, NULL, NULL, NULL, NULL, 28, 3, 4, NULL, NULL, 'A', 'N', 1, '2025-10-21 00:00:00', NULL, '2025-10-22 15:39:38'),
(182, '51eaefb6-af5d-11f0-ac16-746bb962bc87', 'SANDRA MAULANA', 3204132002940007, 'TLM-064', NULL, NULL, NULL, NULL, NULL, 'P', NULL, NULL, NULL, NULL, NULL, NULL, NULL, NULL, NULL, NULL, NULL, NULL, NULL, NULL, NULL, NULL, NULL, 28, 3, 4, NULL, NULL, 'A', 'N', 1, '2025-10-21 00:00:00', NULL, '2025-10-22 15:39:38'),
(183, '51eb3530-af5d-11f0-ac16-746bb962bc87', 'RADIAN NUGRAHA', 3217102703890006, 'TLM-065', NULL, NULL, NULL, NULL, NULL, 'P', NULL, NULL, NULL, NULL, NULL, NULL, NULL, NULL, NULL, NULL, NULL, NULL, NULL, NULL, NULL, NULL, NULL, 28, 3, 4, NULL, NULL, 'A', 'N', 1, '2025-10-21 00:00:00', NULL, '2025-10-22 15:39:38'),
(184, '51eb7ff4-af5d-11f0-ac16-746bb962bc87', 'HENDRA HARDIYANTO', 32100312038220221, 'TLM-066', NULL, NULL, NULL, NULL, NULL, 'P', NULL, NULL, NULL, NULL, NULL, NULL, NULL, NULL, NULL, NULL, NULL, NULL, NULL, NULL, NULL, NULL, NULL, 28, 3, 4, NULL, NULL, 'A', 'N', 1, '2025-10-21 00:00:00', NULL, '2025-10-22 15:39:38'),
(185, '51ebc8a4-af5d-11f0-ac16-746bb962bc87', 'TANTAN TAUFIK SUHENDRA', 3205021501910002, 'TLM-067', NULL, NULL, NULL, NULL, NULL, 'P', NULL, NULL, NULL, NULL, NULL, NULL, NULL, NULL, NULL, NULL, NULL, NULL, NULL, NULL, NULL, NULL, NULL, 28, 3, 4, NULL, NULL, 'A', 'N', 1, '2025-10-21 00:00:00', NULL, '2025-10-22 15:39:38'),
(186, '51ec125b-af5d-11f0-ac16-746bb962bc87', 'ABDUL ROCHMAN', 36720321108850001, 'TLM-068', NULL, NULL, NULL, NULL, NULL, 'P', NULL, NULL, NULL, NULL, NULL, NULL, NULL, NULL, NULL, NULL, NULL, NULL, NULL, NULL, NULL, NULL, NULL, 28, 3, 4, NULL, NULL, 'A', 'N', 1, '2025-10-21 00:00:00', NULL, '2025-10-22 15:39:38'),
(187, '51ec5a33-af5d-11f0-ac16-746bb962bc87', 'MUHAMMAD FADLI', 1802141405940002, 'TLM-069', NULL, NULL, NULL, NULL, NULL, 'P', NULL, NULL, NULL, NULL, NULL, NULL, NULL, NULL, NULL, NULL, NULL, NULL, NULL, NULL, NULL, NULL, NULL, 25, 3, 4, NULL, NULL, 'A', 'N', 1, '2025-10-21 00:00:00', NULL, '2025-10-22 15:39:38'),
(188, '51eca7f4-af5d-11f0-ac16-746bb962bc87', 'DEDET SAPUTRA', 1305092704990001, 'TLM-070', NULL, NULL, NULL, NULL, NULL, 'P', NULL, NULL, NULL, NULL, NULL, NULL, NULL, NULL, NULL, NULL, NULL, NULL, NULL, NULL, NULL, NULL, NULL, 25, 3, 4, NULL, NULL, 'A', 'N', 1, '2025-10-21 00:00:00', NULL, '2025-10-22 15:39:38'),
(189, '51ed015a-af5d-11f0-ac16-746bb962bc87', 'GORO BAGAS SETIAWAN', 1706012005020002, 'TLM-071', NULL, NULL, NULL, NULL, NULL, 'P', NULL, NULL, NULL, NULL, NULL, NULL, NULL, NULL, NULL, NULL, NULL, NULL, NULL, NULL, NULL, NULL, NULL, 29, 3, 4, NULL, NULL, 'A', 'N', 1, '2025-10-21 00:00:00', NULL, '2025-10-22 15:39:38'),
(190, 'ae7eca71-af65-11f0-ac16-746bb962bc87', 'ABDUL AZIZ', 3578032202750004, 'TLM-072', NULL, NULL, NULL, NULL, NULL, 'P', NULL, NULL, NULL, NULL, NULL, NULL, NULL, NULL, NULL, NULL, NULL, NULL, NULL, NULL, NULL, NULL, NULL, 5, 3, 6, NULL, NULL, 'A', 'N', 1, '2025-10-21 00:00:00', NULL, '2025-10-22 16:39:30'),
(191, 'ae7f2f6a-af65-11f0-ac16-746bb962bc87', 'BURHAN KHAIRUDIN', 3314101509930004, 'TLM-073', NULL, NULL, NULL, NULL, NULL, 'P', NULL, NULL, NULL, NULL, NULL, NULL, NULL, NULL, NULL, NULL, NULL, NULL, NULL, NULL, NULL, NULL, NULL, 12, 3, 6, NULL, NULL, 'A', 'N', 1, '2025-10-21 00:00:00', NULL, '2025-10-22 16:39:30'),
(192, 'ae7f7a74-af65-11f0-ac16-746bb962bc87', 'INDO FRIDIANSYAH', 3509131708840009, 'TLM-074', NULL, NULL, NULL, NULL, NULL, 'P', NULL, NULL, NULL, NULL, NULL, NULL, NULL, NULL, NULL, NULL, NULL, NULL, NULL, NULL, NULL, NULL, NULL, 13, 3, 6, NULL, NULL, 'A', 'N', 1, '2025-10-21 00:00:00', NULL, '2025-10-22 16:39:30'),
(193, 'ae7fc78d-af65-11f0-ac16-746bb962bc87', 'TOLCHA', 3329080910820004, 'TLM-075', NULL, NULL, NULL, NULL, NULL, 'P', NULL, NULL, NULL, NULL, NULL, NULL, NULL, NULL, NULL, NULL, NULL, NULL, NULL, NULL, NULL, NULL, NULL, 14, 3, 6, NULL, NULL, 'A', 'N', 1, '2025-10-21 00:00:00', NULL, '2025-10-22 16:39:30'),
(194, 'ae801837-af65-11f0-ac16-746bb962bc87', 'FRIDO AGATA DISTA', 1106230806970001, 'TLM-076', NULL, NULL, NULL, NULL, NULL, 'P', NULL, NULL, NULL, NULL, NULL, NULL, NULL, NULL, NULL, NULL, NULL, NULL, NULL, NULL, NULL, NULL, NULL, 15, 3, 6, NULL, NULL, 'A', 'N', 1, '2025-10-21 00:00:00', NULL, '2025-10-22 16:39:30'),
(195, 'ae806429-af65-11f0-ac16-746bb962bc87', 'WIHARDI', 3324170810710001, 'TLM-077', NULL, NULL, NULL, NULL, NULL, 'P', NULL, NULL, NULL, NULL, NULL, NULL, NULL, NULL, NULL, NULL, NULL, NULL, NULL, NULL, NULL, NULL, NULL, 16, 3, 6, NULL, NULL, 'A', 'N', 1, '2025-10-21 00:00:00', NULL, '2025-10-22 16:39:30'),
(196, 'ae80ac58-af65-11f0-ac16-746bb962bc87', 'DWI PURWANTO', 3350190610830001, 'TLM-078', NULL, NULL, NULL, NULL, NULL, 'P', NULL, NULL, NULL, NULL, NULL, NULL, NULL, NULL, NULL, NULL, NULL, NULL, NULL, NULL, NULL, NULL, NULL, 17, 3, 6, NULL, NULL, 'A', 'N', 1, '2025-10-21 00:00:00', NULL, '2025-10-22 16:39:30'),
(197, 'ae80f072-af65-11f0-ac16-746bb962bc87', 'INDRA KURNIAWAN', 3374070706960003, 'TLM-079', NULL, NULL, NULL, NULL, NULL, 'P', NULL, NULL, NULL, NULL, NULL, NULL, NULL, NULL, NULL, NULL, NULL, NULL, NULL, NULL, NULL, NULL, NULL, 18, 3, 6, NULL, NULL, 'A', 'N', 1, '2025-10-21 00:00:00', NULL, '2025-10-22 16:39:30'),
(198, 'ae8138a1-af65-11f0-ac16-746bb962bc87', 'DANDUNG W.', 3517130507950003, 'TLM-080', NULL, NULL, NULL, NULL, NULL, 'P', NULL, NULL, NULL, NULL, NULL, NULL, NULL, NULL, NULL, NULL, NULL, NULL, NULL, NULL, NULL, NULL, NULL, 19, 3, 6, NULL, NULL, 'A', 'N', 1, '2025-10-21 00:00:00', NULL, '2025-10-22 16:39:30'),
(199, 'ae818501-af65-11f0-ac16-746bb962bc87', 'JOHN FELIXS T.', 3509190206010003, 'TLM-081', NULL, NULL, NULL, NULL, NULL, 'P', NULL, NULL, NULL, NULL, NULL, NULL, NULL, NULL, NULL, NULL, NULL, NULL, NULL, NULL, NULL, NULL, NULL, 20, 3, 6, NULL, NULL, 'A', 'N', 1, '2025-10-21 00:00:00', NULL, '2025-10-22 16:39:30'),
(200, 'ae823c12-af65-11f0-ac16-746bb962bc87', 'HARIS WINARSO', 3327071008800105, 'TLM-082', NULL, NULL, NULL, NULL, NULL, 'P', NULL, NULL, NULL, NULL, NULL, NULL, NULL, NULL, NULL, NULL, NULL, NULL, NULL, NULL, NULL, NULL, NULL, 21, 3, 6, NULL, NULL, 'A', 'N', 1, '2025-10-21 00:00:00', NULL, '2025-10-22 16:39:30'),
(201, 'ae8286ae-af65-11f0-ac16-746bb962bc87', 'MOCHAMAD SOBERI', 3578111705680001, 'TLM-083', NULL, NULL, NULL, NULL, NULL, 'P', NULL, NULL, NULL, NULL, NULL, NULL, NULL, NULL, NULL, NULL, NULL, NULL, NULL, NULL, NULL, NULL, NULL, 30, 3, 6, NULL, NULL, 'A', 'N', 1, '2025-10-21 00:00:00', NULL, '2025-10-22 16:39:30'),
(202, 'ae82d6dd-af65-11f0-ac16-746bb962bc87', 'ACENG SUBHAN', 3172041607810005, 'TLM-084', NULL, NULL, NULL, NULL, NULL, 'P', NULL, NULL, NULL, NULL, NULL, NULL, NULL, NULL, NULL, NULL, NULL, NULL, NULL, NULL, NULL, NULL, NULL, 26, 3, 6, NULL, NULL, 'A', 'N', 1, '2025-10-21 00:00:00', NULL, '2025-10-22 16:39:30'),
(203, 'ae832bce-af65-11f0-ac16-746bb962bc87', 'ITRA ALI FAJAR SEDDEQ', 3318101010800010, 'TLM-085', NULL, NULL, NULL, NULL, NULL, 'P', NULL, NULL, NULL, NULL, NULL, NULL, NULL, NULL, NULL, NULL, NULL, NULL, NULL, NULL, NULL, NULL, NULL, 26, 3, 6, NULL, NULL, 'A', 'N', 1, '2025-10-21 00:00:00', NULL, '2025-10-22 16:39:30'),
(204, 'ae837d18-af65-11f0-ac16-746bb962bc87', 'A. MUKIT FATAN', 3672061710920001, 'TLM-086', NULL, NULL, NULL, NULL, NULL, 'P', NULL, NULL, NULL, NULL, NULL, NULL, NULL, NULL, NULL, NULL, NULL, NULL, NULL, NULL, NULL, NULL, NULL, 26, 3, 6, NULL, NULL, 'A', 'N', 1, '2025-10-21 00:00:00', NULL, '2025-10-22 16:39:30'),
(205, 'ae83cc05-af65-11f0-ac16-746bb962bc87', 'AWANG MEGO C.', 3518051312880002, 'TLM-087', NULL, NULL, NULL, NULL, NULL, 'P', NULL, NULL, NULL, NULL, NULL, NULL, NULL, NULL, NULL, NULL, NULL, NULL, NULL, NULL, NULL, NULL, NULL, 26, 3, 6, NULL, NULL, 'A', 'N', 1, '2025-10-21 00:00:00', NULL, '2025-10-22 16:39:30'),
(206, 'ae84168a-af65-11f0-ac16-746bb962bc87', 'CANDRA FADILUDIN', 3604222009900001, 'TLM-088', NULL, NULL, NULL, NULL, NULL, 'P', NULL, NULL, NULL, NULL, NULL, NULL, NULL, NULL, NULL, NULL, NULL, NULL, NULL, NULL, NULL, NULL, NULL, 0, 3, 6, NULL, NULL, 'A', 'N', 1, '2025-10-21 00:00:00', NULL, '2025-10-22 16:39:30'),
(207, 'ae846b1d-af65-11f0-ac16-746bb962bc87', 'INDRA BAHAGIA', 1132022307920001, 'TLM-089', NULL, NULL, NULL, NULL, NULL, 'P', NULL, NULL, NULL, NULL, NULL, NULL, NULL, NULL, NULL, NULL, NULL, NULL, NULL, NULL, NULL, NULL, NULL, 0, 3, 6, NULL, NULL, 'A', 'N', 1, '2025-10-21 00:00:00', NULL, '2025-10-22 16:39:30'),
(208, 'ae84b811-af65-11f0-ac16-746bb962bc87', 'AGUS AAN APRIANTO', 1801211104950003, 'TLM-090', NULL, NULL, NULL, NULL, NULL, 'P', NULL, NULL, NULL, NULL, NULL, NULL, NULL, NULL, NULL, NULL, NULL, NULL, NULL, NULL, NULL, NULL, NULL, 0, 3, 6, NULL, NULL, 'A', 'N', 1, '2025-10-21 00:00:00', NULL, '2025-10-22 16:39:30'),
(209, 'ae8507c6-af65-11f0-ac16-746bb962bc87', 'DAVID MULTI CANIAGO', 1306022009930007, 'TLM-091', NULL, NULL, NULL, NULL, NULL, 'P', NULL, NULL, NULL, NULL, NULL, NULL, NULL, NULL, NULL, NULL, NULL, NULL, NULL, NULL, NULL, NULL, NULL, 27, 3, 6, NULL, NULL, 'A', 'N', 1, '2025-10-21 00:00:00', NULL, '2025-10-22 16:39:30'),
(210, 'ae854daf-af65-11f0-ac16-746bb962bc87', 'PAIDI', 1810051607770003, 'TLM-092', NULL, NULL, NULL, NULL, NULL, 'P', NULL, NULL, NULL, NULL, NULL, NULL, NULL, NULL, NULL, NULL, NULL, NULL, NULL, NULL, NULL, NULL, NULL, 27, 3, 6, NULL, NULL, 'A', 'N', 1, '2025-10-21 00:00:00', NULL, '2025-10-22 16:39:30'),
(211, 'ae859c1c-af65-11f0-ac16-746bb962bc87', 'TOPAN SAPUTRA', 3672032310910002, 'TLM-093', NULL, NULL, NULL, NULL, NULL, 'P', NULL, NULL, NULL, NULL, NULL, NULL, NULL, NULL, NULL, NULL, NULL, NULL, NULL, NULL, NULL, NULL, NULL, 27, 3, 6, NULL, NULL, 'A', 'N', 1, '2025-10-21 00:00:00', NULL, '2025-10-22 16:39:30'),
(212, 'ae85f47f-af65-11f0-ac16-746bb962bc87', 'RESTU GHANI F.', 3510213010040003, 'TLM-094', NULL, NULL, NULL, NULL, NULL, 'P', NULL, NULL, NULL, NULL, NULL, NULL, NULL, NULL, NULL, NULL, NULL, NULL, NULL, NULL, NULL, NULL, NULL, 28, 3, 6, NULL, NULL, 'A', 'N', 1, '2025-10-21 00:00:00', NULL, '2025-10-22 16:39:30'),
(213, 'ae864a5a-af65-11f0-ac16-746bb962bc87', 'HIVAN DIFANSYAH', 3510060211040004, 'TLM-095', NULL, NULL, NULL, NULL, NULL, 'P', NULL, NULL, NULL, NULL, NULL, NULL, NULL, NULL, NULL, NULL, NULL, NULL, NULL, NULL, NULL, NULL, NULL, 28, 3, 6, NULL, NULL, 'A', 'N', 1, '2025-10-21 00:00:00', NULL, '2025-10-22 16:39:30'),
(214, 'ae869903-af65-11f0-ac16-746bb962bc87', 'AGUS YULIANTO', 3604290501830004, 'TLM-096', NULL, NULL, NULL, NULL, NULL, 'P', NULL, NULL, NULL, NULL, NULL, NULL, NULL, NULL, NULL, NULL, NULL, NULL, NULL, NULL, NULL, NULL, NULL, 28, 3, 6, NULL, NULL, 'A', 'N', 1, '2025-10-21 00:00:00', NULL, '2025-10-22 16:39:30'),
(215, 'ae86e706-af65-11f0-ac16-746bb962bc87', 'MUHAMMAD RANGGA R.', 3510212609060001, 'TLM-097', NULL, NULL, NULL, NULL, NULL, 'P', NULL, NULL, NULL, NULL, NULL, NULL, NULL, NULL, NULL, NULL, NULL, NULL, NULL, NULL, NULL, NULL, NULL, 28, 3, 6, NULL, NULL, 'A', 'N', 1, '2025-10-21 00:00:00', NULL, '2025-10-22 16:39:30'),
(216, 'ae873502-af65-11f0-ac16-746bb962bc87', 'SUKMO GALIH SAPUTRO', 3674021504030007, 'TLM-098', NULL, NULL, NULL, NULL, NULL, 'P', NULL, NULL, NULL, NULL, NULL, NULL, NULL, NULL, NULL, NULL, NULL, NULL, NULL, NULL, NULL, NULL, NULL, 28, 3, 6, NULL, NULL, 'A', 'N', 1, '2025-10-21 00:00:00', NULL, '2025-10-22 16:39:30'),
(217, 'ae878a5c-af65-11f0-ac16-746bb962bc87', 'FAZIL ALFAROZI', 1801210309030001, 'TLM-099', NULL, NULL, NULL, NULL, NULL, 'P', NULL, NULL, NULL, NULL, NULL, NULL, NULL, NULL, NULL, NULL, NULL, NULL, NULL, NULL, NULL, NULL, NULL, 28, 3, 6, NULL, NULL, 'A', 'N', 1, '2025-10-21 00:00:00', NULL, '2025-10-22 16:39:30'),
(218, 'ae87de9f-af65-11f0-ac16-746bb962bc87', 'ADE DARMADI', 367203050280001, 'TLM-100', NULL, NULL, NULL, NULL, NULL, 'P', NULL, NULL, NULL, NULL, NULL, NULL, NULL, NULL, NULL, NULL, NULL, NULL, NULL, NULL, NULL, NULL, NULL, 28, 3, 6, NULL, NULL, 'A', 'N', 1, '2025-10-21 00:00:00', NULL, '2025-10-22 16:39:30'),
(219, 'ae882611-af65-11f0-ac16-746bb962bc87', 'DIMAS ANANDA PRATAMA', 3510181010970001, 'TLM-101', NULL, NULL, NULL, NULL, NULL, 'P', NULL, NULL, NULL, NULL, NULL, NULL, NULL, NULL, NULL, NULL, NULL, NULL, NULL, NULL, NULL, NULL, NULL, 28, 3, 6, NULL, NULL, 'A', 'N', 1, '2025-10-21 00:00:00', NULL, '2025-10-22 16:39:30'),
(220, 'ae886dc6-af65-11f0-ac16-746bb962bc87', 'WAHIDIN', 1801211202760001, 'TLM-102', NULL, NULL, NULL, NULL, NULL, 'P', NULL, NULL, NULL, NULL, NULL, NULL, NULL, NULL, NULL, NULL, NULL, NULL, NULL, NULL, NULL, NULL, NULL, 25, 3, 6, NULL, NULL, 'A', 'N', 1, '2025-10-21 00:00:00', NULL, '2025-10-22 16:39:30'),
(221, 'ae88b5ae-af65-11f0-ac16-746bb962bc87', 'TATEP SUMPENA', 3217140102780007, 'TLM-103', NULL, NULL, NULL, NULL, NULL, 'P', NULL, NULL, NULL, NULL, NULL, NULL, NULL, NULL, NULL, NULL, NULL, NULL, NULL, NULL, NULL, NULL, NULL, 25, 3, 6, NULL, NULL, 'A', 'N', 1, '2025-10-21 00:00:00', NULL, '2025-10-22 16:39:30'),
(222, 'ae890639-af65-11f0-ac16-746bb962bc87', 'MUHAMMAD ALIMI', 3509130101810007, 'TLM-104', NULL, NULL, NULL, NULL, NULL, 'P', NULL, NULL, NULL, NULL, NULL, NULL, NULL, NULL, NULL, NULL, NULL, NULL, NULL, NULL, NULL, NULL, NULL, 29, 3, 6, NULL, NULL, 'A', 'N', 1, '2025-10-21 00:00:00', NULL, '2025-10-22 16:39:30'),
(223, 'e5d6a503-8f44-4b57-b4fa-a4a17e366752', 'USER KAPAL', 67891012345, 'ALS-071', '0812345678', 'userkapal@gmail.com', 'jakarta', 'Kendal', '1999-12-10', 'P', 'Islam', 'O', 'M', 7, 'S1', 'Universitas Indonesia', 'Teknik Informatika', NULL, 'K', 'BNI', 'User Kapal', 12345678, NULL, 987654321, NULL, NULL, '2025-10-01', 25, 1, 1, NULL, NULL, 'A', 'N', 1, '2025-10-31 04:15:03', NULL, '2025-10-31 23:42:11');
INSERT INTO `kode_form` (`id`, `kode`, `nama`, `ket`, `intruksi`) VALUES
(1, 'el0101', 'Daftar Buku Refrensi Sistem Manajemen Keselamatan di Kantor', 'EL-01-01', NULL),
(2, 'el0102', 'Daftar Buku Refrensi Sistem Manajemen Keselamatan di Kapal', 'EL-01-02', NULL),
(3, 'el0103', 'Daftar Gambar Kapal', 'EL-01-03', NULL),
(4, 'el0104', 'Daftar Peta', 'EL-01-04', NULL),
(5, 'el0201', 'Kebijakan Perusahaan Tentang Manajemen Keselamatan dan Perlindungan Lingkungan', 'EL-02-01', NULL),
(6, 'el0202', 'Kebijakan Perusahaan Tentang Pelarangan Penggunaan Obat Terlarang', 'EL-02-02', NULL),
(7, 'el0301', 'Notulen Rapat Familiarisasi / Penyuluhan Manajemen Keselamatan ', 'EL-03-01', NULL),
(8, 'el0302', 'Check List Familiarisasi sebelum bergabung dengan kapal', 'EL-03-02', '<p style=\"text-align: left;\"><strong>Instruksi : </strong></p>\n<p style=\"text-align: left;\">1. Semua awak kapal baru harus dilakukan familiarisasi tersebut di bawah ini sebelum ditugaskan naik kapal</p>\n<p style=\"text-align: left;\">2. Familirisasi dilakukan oleh DPA atau DPA dapat menugaskan seorang staf untuk melakukan familirisasi</p>\n<p style=\"text-align: left;\">3. DPA harus meyakinkan bahwa orientasi dilakukan sebelum awak kapal baru tersebut ditugaskan naik kapal.</p>\n<p style=\"text-align: left;\">4. Beri tanda (&radic;) untuk hal-hal yang diberikan penjelasan dan tanda (x) untuk hal-hal yang tidak diberikan penjelasan.</p>\n<p style=\"text-align: left;\">5. Arsipkan form yang telah dilengkapi dan ditanda-tangani pada arsip file personil yang bersangkutan.</p>'),
(9, 'el0303', 'Check List Familiarisasi Perwira Deck di atas kapal', 'EL-03-03', '<p class=\"MsoNormal\" style=\"line-height: 115%; text-align: left;\"><span lang=\"EN-US\" style=\"font-size: 10.0pt; line-height: 115%; font-family: \'Arial\',sans-serif; mso-bidi-font-family: \'Times New Roman\';\"><strong>Instruksi<span style=\"mso-spacerun: yes;\">&nbsp;&nbsp; </span>:</strong> </span></p>\n<p class=\"MsoNormal\" style=\"margin-left: 18pt; text-indent: -18pt; line-height: 115%; text-align: left;\"><!-- [if !supportLists]--><span lang=\"EN-US\" style=\"font-size: 10.0pt; line-height: 115%; font-family: \'Arial\',sans-serif; mso-fareast-font-family: Arial;\"><span style=\"mso-list: Ignore;\">1.<span style=\"font: 7.0pt \'Times New Roman\';\">&nbsp;&nbsp;&nbsp;&nbsp; </span></span></span><!--[endif]--><span lang=\"EN-US\" style=\"font-size: 10.0pt; line-height: 115%; font-family: \'Arial\',sans-serif; mso-bidi-font-family: \'Times New Roman\';\">Semua awak kapal baru harus dilakukan familirisasi sendiri hal tersebut dibawah ini setelah naik kapal </span></p>\n<p class=\"MsoNormal\" style=\"margin-left: 18pt; text-indent: -18pt; line-height: 115%; text-align: left;\"><!-- [if !supportLists]--><span lang=\"EN-US\" style=\"font-size: 10.0pt; line-height: 115%; font-family: \'Arial\',sans-serif; mso-fareast-font-family: Arial;\"><span style=\"mso-list: Ignore;\">2.<span style=\"font: 7.0pt \'Times New Roman\';\">&nbsp;&nbsp;&nbsp;&nbsp; </span></span></span><!--[endif]--><span lang=\"EN-US\" style=\"font-size: 10.0pt; line-height: 115%; font-family: \'Arial\',sans-serif; mso-bidi-font-family: \'Times New Roman\';\">Nakhoda dapat menugaskan seorang Mualim untuk mendampinginya, diutamakan mualim yang akan turun untuk membimbing Mualim baru. Nakhoda harus menyakinkan bahwa orientasi dilakukan sebelum Mualim baru tesebut melakukan<span style=\"mso-spacerun: yes;\">&nbsp; </span>tugas;</span></p>\n<p class=\"MsoNormal\" style=\"margin-left: 18pt; text-indent: -18pt; line-height: 115%; text-align: left;\"><!-- [if !supportLists]--><span lang=\"EN-US\" style=\"font-size: 10.0pt; line-height: 115%; font-family: \'Arial\',sans-serif; mso-fareast-font-family: Arial;\"><span style=\"mso-list: Ignore;\">3.<span style=\"font: 7.0pt \'Times New Roman\';\">&nbsp;&nbsp;&nbsp;&nbsp; </span></span></span><!--[endif]--><span lang=\"EN-US\" style=\"font-size: 10.0pt; line-height: 115%; font-family: \'Arial\',sans-serif; mso-bidi-font-family: \'Times New Roman\';\">Beri tanda (</span><span lang=\"EN-US\" style=\"font-size: 10.0pt; line-height: 115%; font-family: \'Arial\',sans-serif;\">&radic;</span><span lang=\"EN-US\" style=\"font-size: 10.0pt; line-height: 115%; font-family: \'Arial\',sans-serif; mso-bidi-font-family: \'Times New Roman\';\">) untuk hal-hal yang dikerjakan dan tanda (x) untuk hal-hal yang belum dikerjakan </span></p>\n<p class=\"MsoNormal\" style=\"margin-left: 18pt; text-indent: -18pt; line-height: 115%; text-align: left;\"><!-- [if !supportLists]--><span lang=\"EN-US\" style=\"font-size: 10.0pt; line-height: 115%; font-family: \'Arial\',sans-serif; mso-fareast-font-family: Arial;\"><span style=\"mso-list: Ignore;\">4.<span style=\"font: 7.0pt \'Times New Roman\';\">&nbsp;&nbsp;&nbsp;&nbsp; </span></span></span><!--[endif]--><span lang=\"EN-US\" style=\"font-size: 10.0pt; line-height: 115%; font-family: \'Arial\',sans-serif; mso-bidi-font-family: \'Times New Roman\';\">Arsipkan form yang telah dilengkapi dan di tanda tangani pada arsip file personil yang bersangkutan.</span></p>'),
(10, 'el0304', 'Check List Familiarisasi Perwira Mesin di atas kapal', 'EL-03-04', '<p class=\"MsoNormal\" style=\"line-height: 115%; text-align: left;\"><span style=\"font-size: 12pt; line-height: 115%; font-family: Arial, sans-serif;\">Instruksi<span style=\"mso-spacerun: yes;\">&nbsp;&nbsp; </span>: </span></p>\n<p class=\"MsoNormal\" style=\"margin-left: 0.25in; text-indent: -0.25in; line-height: 115%; text-align: left;\"><span style=\"font-size: 12pt;\"><!-- [if !supportLists]--><span style=\"line-height: 115%; font-family: Arial, sans-serif;\"><span style=\"mso-list: Ignore;\">1.<span style=\"font-style: normal; font-variant: normal; font-size-adjust: none; font-kerning: auto; font-optical-sizing: auto; font-feature-settings: normal; font-variation-settings: normal; font-weight: normal; font-stretch: normal; line-height: normal; font-family: \'Times New Roman\';\">&nbsp;&nbsp;&nbsp;&nbsp; </span></span></span><!--[endif]--><span style=\"line-height: 115%; font-family: Arial, sans-serif;\">Semua awak kapal baru harus </span><span lang=\"IN\" style=\"line-height: 115%; font-family: Arial, sans-serif;\">m</span><span style=\"line-height: 115%; font-family: Arial, sans-serif;\">emfamilirisasi sendiri hal tersebut dibawah ini dalam waktu 24 jam setelah naik kapal </span></span></p>\n<p class=\"MsoNormal\" style=\"margin-left: 0.25in; text-indent: -0.25in; line-height: 115%; text-align: left;\"><span style=\"font-size: 12pt;\"><!-- [if !supportLists]--><span style=\"line-height: 115%; font-family: Arial, sans-serif;\"><span style=\"mso-list: Ignore;\">2.<span style=\"font-style: normal; font-variant: normal; font-size-adjust: none; font-kerning: auto; font-optical-sizing: auto; font-feature-settings: normal; font-variation-settings: normal; font-weight: normal; font-stretch: normal; line-height: normal; font-family: \'Times New Roman\';\">&nbsp;&nbsp;&nbsp;&nbsp; </span></span></span><!--[endif]--><span style=\"line-height: 115%; font-family: Arial, sans-serif;\">Nakhoda dapat menugaskan seorang Masinis untuk mendampinginya, diutamakan Masinis yang akan turun untuk membimbing Masinis baru. Nakhoda harus menyakinkan bahwa orientasi dilakukan sebelum masinis baru tesebut melakukan<span style=\"mso-spacerun: yes;\">&nbsp; </span>tugas;</span></span></p>\n<p class=\"MsoNormal\" style=\"margin-left: 0.25in; text-indent: -0.25in; line-height: 115%; text-align: left;\"><span style=\"font-size: 12pt;\"><!-- [if !supportLists]--><span style=\"line-height: 115%; font-family: Arial, sans-serif;\"><span style=\"mso-list: Ignore;\">3.<span style=\"font-style: normal; font-variant: normal; font-size-adjust: none; font-kerning: auto; font-optical-sizing: auto; font-feature-settings: normal; font-variation-settings: normal; font-weight: normal; font-stretch: normal; line-height: normal; font-family: \'Times New Roman\';\">&nbsp;&nbsp;&nbsp;&nbsp; </span></span></span><!--[endif]--><span style=\"line-height: 115%; font-family: Arial, sans-serif;\">Beri tanda (</span><span style=\"line-height: 115%; font-family: Arial, sans-serif;\">&radic;</span><span style=\"line-height: 115%; font-family: Arial, sans-serif;\">) untuk hal-hal yang dikerjakan dan tanda (x) untuk hal-hal yang belum dikerjakan </span></span></p>\n<p class=\"MsoNormal\" style=\"margin-left: 0.25in; text-indent: -0.25in; line-height: 115%; text-align: left;\"><span style=\"font-size: 12pt;\"><!-- [if !supportLists]--><span style=\"line-height: 115%; font-family: Arial, sans-serif;\"><span style=\"mso-list: Ignore;\">4.<span style=\"font-style: normal; font-variant: normal; font-size-adjust: none; font-kerning: auto; font-optical-sizing: auto; font-feature-settings: normal; font-variation-settings: normal; font-weight: normal; font-stretch: normal; line-height: normal; font-family: \'Times New Roman\';\">&nbsp;&nbsp;&nbsp;&nbsp; </span></span></span><!--[endif]--><span style=\"line-height: 115%; font-family: Arial, sans-serif;\">Arsipkan form yang telah dilengkapi dan di tanda tangani pada arsip file personil yang bersangkutan. </span></span></p>'),
(11, 'el0305', 'Check List Familiarisasi Anak Buah Kapal (ABK) di atas kapal', 'EL-03-05', NULL),
(12, 'el0306', 'Catatan Pemahaman Dokumen Manajemen Keselamatan', 'EL-03-06', '<p style=\"text-align: left;\">Intruksi :</p>\n<p style=\"text-align: left;\">1.	Setiap staf darat yang terlibat dalam Sistim Manajemen Keselamatan dan seluruh awak kapal harus membaca dan memahami isi dokumen Sistim Manajemen Keselamatan, khususnya terhadap prosedur yang berkaitan dengan tugasnya. </p>\n<p style=\"text-align: left;\">2.	Setelah membaca atau melalui penyuluhan / familiarisasi dan memahami isi dokumen, isi form berikut ini.</p> \n<p style=\"text-align: left;\">3.	Arsipkan form yang telah diisi dan lampirkan pada halaman depan dokumen Sistim Manajemen Keselamatan di masing-masing unit kerja / kapal.</p>'),
(13, 'el0307', 'Laporan Penggantian Nakhoda (Kondisi Kapal)', 'EL-03-07', '<p style=\"text-align: left;\"><span lang=\"EN-US\" style=\"font-size: 12pt; font-family: Arial, sans-serif;\">Pada hari ini telah diserah terimakan tugas dan wewenang Nakhoda kapal tersebut&nbsp;</span></p>'),
(14, 'el0308', 'Laporan Penggantian Nakhoda (Sertifikat)', 'EL-03-08', NULL),
(15, 'el0309', 'Laporan Penggantian Nakhoda (Instrumentasi)', 'EL-03-09', '<p style=\"text-align: center;\"><span style=\"font-family: arial, helvetica, sans-serif;\">INSTRUMENTASI</span></p>'),
(16, 'el0310', 'Laporan Penggantian KKM (CEs Hand Over Note)', 'EL-03-10', NULL),
(17, 'el0311', 'Laporan Penggantian KKM', 'EL-03-11', NULL),
(18, 'el0312', 'Laporan Pengantian Mualim I', 'EL-03-12', NULL),
(19, 'el0401', 'Program Management Review ', 'EL-04-01', NULL),
(20, 'el0402', 'Notulen Rapat Management Review', 'EL-04-02', NULL),
(21, 'el0403', 'Notulen Safety Meeting Tim Manajemen Keselamatan', 'EL-04-03', NULL),
(22, 'el0404', 'Notulen Safety Meeting Kapal', 'EL-04-04', NULL),
(23, 'el0405', 'Daftar Hadir Pertemuan / Rapat', 'EL-04-05', NULL),
(24, 'el0501', 'Check List Anjungan Jarak Pandang Terbatas', 'EL-05-01', '<p class=\"MsoNormal\" style=\"text-align: left;\"><span style=\"font-size: 12pt; font-family: Arial, sans-serif;\">Instruksi : </span></p>\n<ol style=\"margin-top: 0in; text-align: left;\" start=\"1\" type=\"1\">\n<li class=\"MsoNormal\" style=\"font-size: 12pt;\"><span lang=\"SV\" style=\"font-size: 12pt; font-family: Arial, sans-serif;\">Checklist ini dilakukan apabila kondisi pandangan dalam berlayar terbatas </span></li>\n<li class=\"MsoNormal\" style=\"font-size: 12pt;\"><span style=\"font-size: 12pt; font-family: Arial, sans-serif;\">Wajib mencatat kejadian ini di dalam buku catatan harian dek </span></li>\n<li class=\"MsoNormal\" style=\"font-size: 12pt;\"><span lang=\"SV\" style=\"font-size: 12pt; font-family: Arial, sans-serif;\">Pemeriksaan dilakukan oleh Mualim I atau Perwira Jaga<span style=\"mso-spacerun: yes;\">&nbsp; </span></span></li>\n<li class=\"MsoNormal\" style=\"font-size: 12pt;\"><span lang=\"SV\" style=\"font-size: 12pt; font-family: Arial, sans-serif;\">Arsipkan form yang telah diisi dan dilengkapi pada FILE KEGATAN RUTIN KAPAL</span></li>\n</ol>'),
(25, 'el0502', 'Check list Kapal Jaga Pelabuhan (Bagian Deck)', 'EL-05-02', '<p class=\"MsoNormal\" style=\"text-align: left;\"><span style=\"font-size: 10.0pt; font-family: \'Arial\',sans-serif; mso-bidi-font-family: \'Times New Roman\';\">Instruksi : </span></p>\n<ol style=\"margin-top: 0in; text-align: left;\" start=\"1\" type=\"1\">\n<li class=\"MsoNormal\" style=\"mso-list: l0 level1 lfo2; tab-stops: list .5in;\"><span lang=\"IT\" style=\"font-size: 10.0pt; font-family: \'Arial\',sans-serif; mso-bidi-font-family: \'Times New Roman\'; mso-ansi-language: IT;\">Checklist ini dilakukan setiap berlabuh di pelabuhan. </span></li>\n</ol>\n<ol style=\"margin-top: 0in; text-align: left;\" start=\"1\" type=\"1\">\n<li class=\"MsoNormal\" style=\"mso-list: l1 level1 lfo1; tab-stops: list .5in;\"><span lang=\"SV\" style=\"font-size: 10.0pt; font-family: \'Arial\',sans-serif; mso-bidi-font-family: \'Times New Roman\'; mso-ansi-language: SV;\">Pemeriksaan dilakukan oleh Mualim I atau Perwira Jaga<span style=\"mso-spacerun: yes;\">&nbsp; </span></span></li>\n</ol>\n<p style=\"text-align: left;\"><span lang=\"SV\" style=\"font-size: 10.0pt; font-family: \'Arial\',sans-serif; mso-fareast-font-family: \'Times New Roman\'; mso-bidi-font-family: \'Times New Roman\'; mso-ansi-language: SV; mso-fareast-language: EN-US; mso-bidi-language: AR-SA;\">Arsipkan form yang telah diisi dan dilengkapi pada FILE KEGIATAN RUTIN KAPAL</span></p>'),
(26, 'el0503', 'Catatan Pembuangan Sampah', 'EL-05-03', '<p class=\"MsoNormal\" style=\"text-align: left;\"><span style=\"font-size: 12pt; font-family: Arial, sans-serif;\">Instruksi : </span></p>\n<ol style=\"margin-top: 0in; text-align: left;\" start=\"1\" type=\"1\">\n<li class=\"MsoNormal\" style=\"font-size: 12pt;\"><span lang=\"SV\" style=\"font-size: 12pt; font-family: Arial, sans-serif;\">Plastik sama sekali dilarang dibuang ke laut</span></li>\n<li class=\"MsoNormal\" style=\"font-size: 12pt;\"><span lang=\"SV\" style=\"font-size: 12pt; font-family: Arial, sans-serif;\">Jenis sampah harus disebutkan sebagai berikut :&nbsp;</span>\n<p class=\"MsoNormal\" style=\"margin-left: 48pt; text-indent: -12pt; text-align: left; line-height: 1;\"><span style=\"font-size: 12pt;\"><span style=\"mso-list: Ignore;\">a.<span style=\"font-style: normal; font-variant: normal; font-size-adjust: none; font-kerning: auto; font-optical-sizing: auto; font-feature-settings: normal; font-variation-settings: normal; font-weight: normal; font-stretch: normal; line-height: normal; font-family: \'Times New Roman\';\">&nbsp; </span></span><!--[endif]--><span lang=\"SV\" style=\"font-family: Arial, sans-serif;\">Bahan ganjal, penyekat, kemasan peti dll</span></span></p>\n<p class=\"MsoNormal\" style=\"margin-left: 48pt; text-indent: -12pt; text-align: left; line-height: 1;\"><span style=\"font-size: 12pt;\"><!-- [if !supportLists]--><span style=\"mso-list: Ignore;\">b.<span style=\"font-style: normal; font-variant: normal; font-size-adjust: none; font-kerning: auto; font-optical-sizing: auto; font-feature-settings: normal; font-variation-settings: normal; font-weight: normal; font-stretch: normal; line-height: normal; font-family: \'Times New Roman\';\">&nbsp; </span></span><!--[endif]--><span lang=\"SV\" style=\"font-family: Arial, sans-serif;\">Kertas, gelas, logam, botol atau sejenisnya. </span></span></p>\n<p class=\"MsoNormal\" style=\"margin-left: 48pt; text-indent: -12pt; text-align: left; line-height: 1;\"><span style=\"font-size: 12pt;\"><!-- [if !supportLists]--><span style=\"mso-list: Ignore;\">c.<span style=\"font-style: normal; font-variant: normal; font-size-adjust: none; font-kerning: auto; font-optical-sizing: auto; font-feature-settings: normal; font-variation-settings: normal; font-weight: normal; font-stretch: normal; line-height: normal; font-family: \'Times New Roman\';\">&nbsp; </span></span><!--[endif]--><span lang=\"SV\" style=\"font-family: Arial, sans-serif;\">Sampah lainnya, termasuk kertas, kaca dll.</span></span></p>\n<p class=\"MsoNormal\" style=\"margin-left: 48pt; text-indent: -12pt; text-align: left; line-height: 1;\"><span style=\"font-size: 12pt;\"><!-- [if !supportLists]--><span style=\"mso-list: Ignore;\">d.<span style=\"font-style: normal; font-variant: normal; font-size-adjust: none; font-kerning: auto; font-optical-sizing: auto; font-feature-settings: normal; font-variation-settings: normal; font-weight: normal; font-stretch: normal; line-height: normal; font-family: \'Times New Roman\';\">&nbsp; </span></span><!--[endif]--><span style=\"font-family: Arial, sans-serif;\">Sisa makanan tidak hancur </span></span></p>\n<p class=\"MsoNormal\" style=\"margin-left: 48pt; text-indent: -12pt; text-align: left; line-height: 1;\"><span style=\"font-size: 12pt;\"><!-- [if !supportLists]--><span style=\"mso-list: Ignore;\">e.<span style=\"font-style: normal; font-variant: normal; font-size-adjust: none; font-kerning: auto; font-optical-sizing: auto; font-feature-settings: normal; font-variation-settings: normal; font-weight: normal; font-stretch: normal; line-height: normal; font-family: \'Times New Roman\';\">&nbsp; </span></span><!--[endif]--><span style=\"font-family: Arial, sans-serif;\">Sisa makanan hancur</span></span></p>\n</li>\n<li class=\"MsoNormal\" style=\"font-size: 12pt;\"><span lang=\"SV\" style=\"font-size: 12pt; font-family: Arial, sans-serif;\">&nbsp;Arsipkan form yang telah diisi dan dilengkapi pada FILE KEGIATAN RUTIN KAPAL</span></li>\n</ol>'),
(27, 'el0504', 'Chek list Pengisian BBM (Bunker) ', 'EL-05-04', NULL),
(28, 'el0505', 'Check list Pemeriksaan Peralatan Navigasi dan Radio', 'EL-05-05', '<div style=\"text-align: left;\"><span style=\"font-family: arial, helvetica, sans-serif; font-size: 10pt;\">Intruksi:</span></div>\n<div style=\"text-align: left;\"><span style=\"font-family: arial, helvetica, sans-serif;\">1. <span style=\"font-size: 10pt;\">Check list ini dilakukan setiap bulan</span></span></div>\n<div style=\"text-align: left;\"><span style=\"font-size: 10pt; font-family: arial, helvetica, sans-serif;\">2. <span lang=\"SV\" style=\"font-size: 10pt;\">Untuk peralatan yang tidak berfungsi / rusak, segera dilaporkan kepada Nakhoda</span></span></div>\n<div style=\"text-align: left;\"><span style=\"font-family: arial, helvetica, sans-serif;\"><span lang=\"SV\" style=\"font-size: 10pt;\">3. <span style=\"font-size: 10pt;\">Pemeriksaan dilakukan oleh Mualim II</span></span></span></div>\n<div style=\"text-align: left;\"><span style=\"font-family: arial, helvetica, sans-serif;\"><span lang=\"SV\"><span style=\"font-size: 10pt;\">4.&nbsp; </span></span><span lang=\"SV\" style=\"font-size: 10pt;\">Arsipkan form yang telah diisi dan dilengkapi pada FILE KEGATAN RUTIN KAPAL</span></span></div>'),
(29, 'el0506', 'Chek list Pemeriksaan dan Pengujian Alarm', 'EL-05-06', '<p class=\"MsoNormal\" style=\"text-align: left;\"><span style=\"font-size: 10.0pt; font-family: \'Arial\',sans-serif; mso-bidi-font-family: \'Times New Roman\';\">Instruksi : </span></p>\n<ol style=\"margin-top: 0in;\" start=\"1\" type=\"1\">\n<li class=\"MsoNormal\" style=\"text-align: left;\"><span lang=\"SV\" style=\"font-size: 10.0pt; font-family: \'Arial\',sans-serif; mso-bidi-font-family: \'Times New Roman\'; mso-ansi-language: SV;\">Check list ini dilakukan bersamaan pada waktu melakukan latihan kebakaran </span></li>\n<li class=\"MsoNormal\" style=\"text-align: left;\"><span lang=\"SV\" style=\"font-size: 10.0pt; font-family: \'Arial\',sans-serif; mso-bidi-font-family: \'Times New Roman\'; mso-ansi-language: SV;\">Pemeriksaan dilakukan oleh Masinis I atau Perwira Jaga</span></li>\n<li class=\"MsoNormal\" style=\"text-align: left;\"><span lang=\"SV\" style=\"font-size: 10.0pt; font-family: \'Arial\',sans-serif; mso-bidi-font-family: \'Times New Roman\'; mso-ansi-language: SV;\">Arsipkan form yang telah diisi dan dilengkapi pada FILE KEGATAN RUTIN KAPAL</span></li>\n</ol>'),
(30, 'el0507', 'Catatan Penampungan Minyak Bekas', 'EL-05-07', NULL),
(31, 'el0508', 'Cheklist Ijin Melakukan Pekerjaan Panas', 'EL-05-08', '<p class=\"MsoNormal\" style=\"text-align: left;\"><span style=\"font-size: 12pt; font-family: Arial, sans-serif;\">Instruksi : </span></p>\n<ol style=\"margin-top: 0in;\" start=\"1\" type=\"1\">\n<li class=\"MsoNormal\" style=\"text-align: left; font-size: 12pt;\"><span lang=\"SV\" style=\"font-size: 12pt; font-family: Arial, sans-serif;\">Ijin untuk melakukan pekerjaan panas, diterbitkan oleh Nakhoda </span></li>\n<li class=\"MsoNormal\" style=\"text-align: left; font-size: 12pt;\"><span lang=\"SV\" style=\"font-size: 12pt; font-family: Arial, sans-serif;\">Nakhoda menunjuk salah satu perwira untuk mengawasi selama pekerjaan panas berlangsung</span></li>\n<li class=\"MsoNormal\" style=\"text-align: left; font-size: 12pt;\"><span lang=\"SV\" style=\"font-size: 12pt; font-family: Arial, sans-serif;\">Persiapkan peralatan keselamatan sebelum pekerjaan dimulai</span></li>\n<li class=\"MsoNormal\" style=\"text-align: left; font-size: 12pt;\"><span style=\"font-size: 12pt; font-family: Arial, sans-serif;\">Arsipkan form yang telah diisi</span></li>\n</ol>'),
(32, 'el0509', 'Checklist Ijin Memasuki Ruang Tertutup', 'EL-05-09', '<p><span lang=\"SV\" style=\"font-size: 10.0pt; font-family: \'Times New Roman\',serif; mso-fareast-font-family: \'Times New Roman\'; mso-ansi-language: SV; mso-fareast-language: EN-US; mso-bidi-language: AR-SA;\">Saya telah menyetujui waktu interval untuk melaporkan dalam <input class=\"form-control\" size=\"5\" type=\"text name=\"> menit.</span></p>'),
(33, 'el0510', 'Catatan Koreksi Peta', 'EL-05-10', '<p class=\"MsoNormal\" style=\"text-align: left;\"><span style=\"font-size: 10.0pt; font-family: \'Arial\',sans-serif; mso-bidi-font-family: \'Times New Roman\';\">Instruksi : </span></p>\n<ol style=\"margin-top: 0in; text-align: left;\" start=\"1\" type=\"1\">\n<li class=\"MsoNormal\" style=\"mso-list: l0 level1 lfo1; tab-stops: list .5in;\"><span lang=\"SV\" style=\"font-size: 10.0pt; font-family: \'Arial\',sans-serif; mso-bidi-font-family: \'Times New Roman\'; mso-ansi-language: SV;\">Checklist ini dilakukan apabila menerima publikasi BPI/NTM yang terbaru </span></li>\n</ol>\n<p style=\"text-align: left;\"><span lang=\"SV\" style=\"font-size: 10.0pt; font-family: \'Arial\',sans-serif; mso-fareast-font-family: \'Times New Roman\'; mso-bidi-font-family: \'Times New Roman\'; mso-ansi-language: SV; mso-fareast-language: EN-US; mso-bidi-language: AR-SA;\">Koreksi dilakukan oleh Mualim II </span></p>'),
(34, 'el0511', 'Cheklist  Anjungan Navigasi pada saat cuaca buruk', 'EL-05-11', '<p class=\"MsoNormal\" style=\"text-align: left;\"><span style=\"font-size: 10.0pt; font-family: \'Arial\',sans-serif; mso-bidi-font-family: \'Times New Roman\';\">Instruksi : </span></p>\n<ol style=\"margin-top: 0in;\" start=\"1\" type=\"1\">\n<li class=\"MsoNormal\" style=\"text-align: left;\"><span lang=\"SV\" style=\"font-size: 10.0pt; font-family: \'Arial\',sans-serif; mso-bidi-font-family: \'Times New Roman\'; mso-ansi-language: SV;\">Checklist ini dilakukan apabila kondisi cuaca buruk / badai&nbsp;</span></li>\n<li class=\"MsoNormal\" style=\"text-align: left;\"><span style=\"font-size: 10.0pt; font-family: \'Arial\',sans-serif; mso-bidi-font-family: \'Times New Roman\';\">Wajib mencatat kejadian ini di dalam buku catatan harian dek </span></li>\n<li class=\"MsoNormal\" style=\"text-align: left;\"><span lang=\"SV\" style=\"font-size: 10.0pt; font-family: \'Arial\',sans-serif; mso-bidi-font-family: \'Times New Roman\'; mso-ansi-language: SV;\">Pemeriksaan dilakukan oleh Mualim I atau Perwira Jaga<span style=\"mso-spacerun: yes;\">&nbsp; </span></span></li>\n<li class=\"MsoNormal\" style=\"text-align: left;\"><span lang=\"SV\" style=\"font-size: 10.0pt; font-family: \'Arial\',sans-serif; mso-fareast-font-family: \'Times New Roman\'; mso-bidi-font-family: \'Times New Roman\'; mso-ansi-language: SV; mso-fareast-language: EN-US; mso-bidi-language: AR-SA;\">Arsipkan form yang telah diisi dan dilengkapi pada FILE KEGATAN RUTIN KAPAL</span></li>\n</ol>'),
(35, 'el0512', 'Master Review', 'EL-05-12', NULL),
(36, 'el0601', 'Program pelatihan personil darat dan kapal', 'EL-06-01', NULL),
(37, 'el0602', 'Catatan Pelatihan Staf Darat', 'EL-06-02', NULL),
(38, 'el0603', 'Catatan Pelatihan Staf Laut', 'EL-06-03', NULL),
(39, 'el0604', 'Laporan Evaluasi Pelatihan Perwira Dek / Mualim', 'EL-06-04', '<p class=\"MsoNormal\" style=\"text-align: left;\"><span style=\"font-size: 12pt; font-family: Arial, sans-serif;\">Intruksi : </span></p>\n<p class=\"MsoNormal\" style=\"margin-left: 0.5in; text-indent: -0.25in; text-align: left;\"><span style=\"font-size: 12pt;\"><!-- [if !supportLists]--><span style=\"font-family: Arial, sans-serif;\"><span style=\"mso-list: Ignore;\">1.<span style=\"font-style: normal; font-variant: normal; font-size-adjust: none; font-kerning: auto; font-optical-sizing: auto; font-feature-settings: normal; font-variation-settings: normal; font-weight: normal; font-stretch: normal; line-height: normal; font-family: \'Times New Roman\';\">&nbsp;</span></span></span><span style=\"font-family: Arial, sans-serif;\">Setiap perwira dek (</span><span lang=\"IN\" style=\"font-family: Arial, sans-serif;\">M</span><span style=\"font-family: Arial, sans-serif;\">ualim) yang baru diterima oleh peruas</span><span lang=\"IN\" style=\"font-family: Arial, sans-serif;\">a</span><span style=\"font-family: Arial, sans-serif;\">haan dan telah 3 bulan dikapal (masa percobaan) maka Nakhoda harus melakukan evaluasi terhadap kinerja perwira tersebut.<span style=\"mso-spacerun: yes;\">&nbsp; </span></span></span></p>\n<p class=\"MsoNormal\" style=\"margin-left: 0.5in; text-indent: -0.25in; text-align: left;\"><span style=\"font-size: 12pt;\"><!-- [if !supportLists]--><span style=\"font-family: Arial, sans-serif;\"><span style=\"mso-list: Ignore;\">2.<span style=\"font-style: normal; font-variant: normal; font-size-adjust: none; font-kerning: auto; font-optical-sizing: auto; font-feature-settings: normal; font-variation-settings: normal; font-weight: normal; font-stretch: normal; line-height: normal; font-family: \'Times New Roman\';\">&nbsp;</span></span></span><span lang=\"IN\" style=\"font-family: Arial, sans-serif;\">H</span><span style=\"font-family: Arial, sans-serif;\">asil evaluasi segera dilaporkan ke Perusahaan.</span></span></p>\n<p class=\"MsoNormal\" style=\"margin-left: 0.5in; text-indent: -0.25in; text-align: left;\"><span style=\"font-size: 12pt; font-family: Arial, sans-serif;\">3. <span style=\"font-family: Arial, sans-serif;\">Arsipkan form yang telah diisi dan dilengkapi pada FILE KEGIATAN RUTIN DI KAPAL dan FILE PERSONIL yang bersangkutan.</span></span></p>'),
(40, 'el0605', 'Laporan Evaluasi Pelatihan Perwira Mesin / Masinis', 'EL-06-05', '<p class=\"MsoNormal\" style=\"text-align: left;\"><span style=\"font-size: 12pt; font-family: Arial, sans-serif;\">Instruksi </span></p>\n<p class=\"MsoNormal\" style=\"margin-left: 0.5in; text-indent: -0.25in; text-align: left;\"><span style=\"font-size: 12pt;\"><!-- [if !supportLists]--><span style=\"font-family: Arial, sans-serif;\"><span style=\"mso-list: Ignore;\">1.<span style=\"font-style: normal; font-variant: normal; font-size-adjust: none; font-kerning: auto; font-optical-sizing: auto; font-feature-settings: normal; font-variation-settings: normal; font-weight: normal; font-stretch: normal; line-height: normal; font-family: \'Times New Roman\';\">&nbsp;</span></span></span><span style=\"font-family: Arial, sans-serif;\">Setiap perwira mesin (masinis) yang baru diterima oleh perusahaan dan telah 3 bulan dikapal (mas percobaan) maka Nakhoda harus melakukan evaluasi terhadap kinerja perwrira tersebut. </span></span></p>\n<p class=\"MsoNormal\" style=\"margin-left: 0.5in; text-indent: -0.25in; text-align: left;\"><span style=\"font-size: 12pt;\"><!-- [if !supportLists]--><span style=\"font-family: Arial, sans-serif;\"><span style=\"mso-list: Ignore;\">2. </span></span><span style=\"font-family: Arial, sans-serif;\">Hasil evaluasi segera dilaporkan ke Perusahaan.</span></span></p>\n<p class=\"MsoNormal\" style=\"margin-left: 0.5in; text-indent: -0.25in; text-align: left;\"><span style=\"font-size: 12pt; font-family: Arial, sans-serif;\">3. <span style=\"font-family: Arial, sans-serif;\">Arsipkan form yang telah diisi dan dilengkapi pada FILE KEGIATAN RUTIN DI KAPAL dan FLE PERSONIL</span></span></p>'),
(41, 'el0606', 'Kriteria / Kualifikasi Awak Kapal', 'EL-06-06', NULL),
(42, 'el0607', 'Chek List Penerimaan Awak Kapal', 'EL-06-07', '<p class=\"MsoNormal\" style=\"text-align: left;\"><span style=\"font-size: 12pt; font-family: Arial, sans-serif;\">Instruksi </span></p>\n<ol style=\"margin-top: 0in;\" start=\"1\" type=\"1\">\n<li class=\"MsoNormal\" style=\"font-size: 12pt; text-align: left;\"><span style=\"font-size: 12pt; font-family: Arial, sans-serif;\">Setiap proses penerimaan awak kapal harus melalui seleksi, baik administratif dan kemampuannya dengan menggunakan check list dibawah ini </span></li>\n<li class=\"MsoNormal\" style=\"font-size: 12pt; text-align: left;\"><span style=\"font-size: 12pt; font-family: Arial, sans-serif;\">Check list ini digunakan oleh staf darat yang ditugaskan untuk melakukan interview terhadap pelaut.&nbsp;</span></li>\n<li class=\"MsoNormal\" style=\"font-size: 12pt; text-align: left;\"><span style=\"font-size: 12pt; font-family: Arial, sans-serif;\">Arsipkan form yang telah diisi dan dilengkapi pada file Personila yang bersangkutan.</span></li>\n</ol>'),
(43, 'el0608', 'Penilaian Awak Kapal (Kondite)', 'EL-06-08', '<p style=\"text-align: left;\"><span style=\"font-family: arial, helvetica, sans-serif; font-size: 12pt;\">Instruksi :</span></p>\n<p style=\"text-align: left;\"><span style=\"font-family: arial, helvetica, sans-serif; font-size: 12pt;\">1.Penilaian awak kapal dilakukan enam bulan sekali (setiap bulan Juli).</span></p>\n<table class=\"MsoTableGrid\" style=\"border-collapse: collapse; border: none; mso-border-alt: solid windowtext .5pt; mso-yfti-tbllook: 1184; mso-padding-alt: 0in 5.4pt 0in 5.4pt;\" border=\"1\" cellspacing=\"0\" cellpadding=\"0\">\n<tbody>\n<tr style=\"mso-yfti-irow: 0; mso-yfti-firstrow: yes;\">\n<td style=\"width: 31.25pt; border: solid windowtext 1.0pt; mso-border-alt: solid windowtext .5pt; padding: 0in 5.4pt 0in 5.4pt;\" valign=\"top\" width=\"42\">\n<p class=\"MsoNormal\" style=\"margin-bottom: 0in; line-height: normal;\"><span style=\"font-size: 12.0pt; font-family: \'Arial\',sans-serif;\">No</span></p>\n</td>\n<td style=\"width: 1.25in; border: solid windowtext 1.0pt; border-left: none; mso-border-left-alt: solid windowtext .5pt; mso-border-alt: solid windowtext .5pt; padding: 0in 5.4pt 0in 5.4pt;\" valign=\"top\" width=\"120\">\n<p class=\"MsoNormal\" style=\"margin-bottom: 0in; line-height: normal;\"><span style=\"font-size: 12.0pt; font-family: \'Arial\',sans-serif;\">Penilai I</span></p>\n</td>\n<td style=\"width: 67.5pt; border: solid windowtext 1.0pt; border-left: none; mso-border-left-alt: solid windowtext .5pt; mso-border-alt: solid windowtext .5pt; padding: 0in 5.4pt 0in 5.4pt;\" valign=\"top\" width=\"90\">\n<p class=\"MsoNormal\" style=\"margin-bottom: 0in; line-height: normal;\"><span style=\"font-size: 12.0pt; font-family: \'Arial\',sans-serif;\">Penilai II</span></p>\n</td>\n<td style=\"width: 185.25pt; border: solid windowtext 1.0pt; border-left: none; mso-border-left-alt: solid windowtext .5pt; mso-border-alt: solid windowtext .5pt; padding: 0in 5.4pt 0in 5.4pt;\" valign=\"top\" width=\"247\">\n<p class=\"MsoNormal\" style=\"margin-bottom: 0in; line-height: normal;\"><span style=\"font-size: 12.0pt; font-family: \'Arial\',sans-serif;\">Yang dinilai</span></p>\n</td>\n<td style=\"width: 93.5pt; border: solid windowtext 1.0pt; border-left: none; mso-border-left-alt: solid windowtext .5pt; mso-border-alt: solid windowtext .5pt; padding: 0in 5.4pt 0in 5.4pt;\" valign=\"top\" width=\"125\">\n<p class=\"MsoNormal\" style=\"margin-bottom: 0in; line-height: normal;\"><span style=\"font-size: 12.0pt; font-family: \'Arial\',sans-serif;\">Keterangan</span></p>\n</td>\n</tr>\n<tr style=\"mso-yfti-irow: 1;\">\n<td style=\"width: 31.25pt; border: solid windowtext 1.0pt; border-top: none; mso-border-top-alt: solid windowtext .5pt; mso-border-alt: solid windowtext .5pt; padding: 0in 5.4pt 0in 5.4pt;\" valign=\"top\" width=\"42\">\n<p class=\"MsoNormal\" style=\"margin-bottom: 0in; line-height: normal;\"><span style=\"font-size: 12.0pt; font-family: \'Arial\',sans-serif;\">a.</span></p>\n</td>\n<td style=\"width: 1.25in; border-top: none; border-left: none; border-bottom: solid windowtext 1.0pt; border-right: solid windowtext 1.0pt; mso-border-top-alt: solid windowtext .5pt; mso-border-left-alt: solid windowtext .5pt; mso-border-alt: solid windowtext .5pt; padding: 0in 5.4pt 0in 5.4pt;\" valign=\"top\" width=\"120\">\n<p class=\"MsoNormal\" style=\"margin-bottom: 0in; line-height: normal;\"><span style=\"font-size: 12.0pt; font-family: \'Arial\',sans-serif;\">Kepala Cabang</span></p>\n</td>\n<td style=\"width: 67.5pt; border-top: none; border-left: none; border-bottom: solid windowtext 1.0pt; border-right: solid windowtext 1.0pt; mso-border-top-alt: solid windowtext .5pt; mso-border-left-alt: solid windowtext .5pt; mso-border-alt: solid windowtext .5pt; padding: 0in 5.4pt 0in 5.4pt;\" valign=\"top\" width=\"90\">\n<p class=\"MsoNormal\" style=\"margin-bottom: 0in; line-height: normal;\"><span style=\"font-size: 12.0pt; font-family: \'Arial\',sans-serif;\">-</span></p>\n</td>\n<td style=\"width: 185.25pt; border-top: none; border-left: none; border-bottom: solid windowtext 1.0pt; border-right: solid windowtext 1.0pt; mso-border-top-alt: solid windowtext .5pt; mso-border-left-alt: solid windowtext .5pt; mso-border-alt: solid windowtext .5pt; padding: 0in 5.4pt 0in 5.4pt;\" valign=\"top\" width=\"247\">\n<p class=\"MsoNormal\" style=\"margin-bottom: 0in; line-height: normal;\"><span style=\"font-size: 12.0pt; font-family: \'Arial\',sans-serif;\">Nahkoda</span></p>\n</td>\n<td style=\"width: 93.5pt; border-top: none; border-left: none; border-bottom: solid windowtext 1.0pt; border-right: solid windowtext 1.0pt; mso-border-top-alt: solid windowtext .5pt; mso-border-left-alt: solid windowtext .5pt; mso-border-alt: solid windowtext .5pt; padding: 0in 5.4pt 0in 5.4pt;\" valign=\"top\" width=\"125\">\n<p class=\"MsoNormal\" style=\"margin-bottom: 0in; line-height: normal;\"><span style=\"font-size: 12.0pt; font-family: \'Arial\',sans-serif;\">&nbsp;</span></p>\n</td>\n</tr>\n<tr style=\"mso-yfti-irow: 2;\">\n<td style=\"width: 31.25pt; border: solid windowtext 1.0pt; border-top: none; mso-border-top-alt: solid windowtext .5pt; mso-border-alt: solid windowtext .5pt; padding: 0in 5.4pt 0in 5.4pt;\" valign=\"top\" width=\"42\">\n<p class=\"MsoNormal\" style=\"margin-bottom: 0in; line-height: normal;\"><span style=\"font-size: 12.0pt; font-family: \'Arial\',sans-serif;\">b.</span></p>\n</td>\n<td style=\"width: 1.25in; border-top: none; border-left: none; border-bottom: solid windowtext 1.0pt; border-right: solid windowtext 1.0pt; mso-border-top-alt: solid windowtext .5pt; mso-border-left-alt: solid windowtext .5pt; mso-border-alt: solid windowtext .5pt; padding: 0in 5.4pt 0in 5.4pt;\" valign=\"top\" width=\"120\">\n<p class=\"MsoNormal\" style=\"margin-bottom: 0in; line-height: normal;\"><span style=\"font-size: 12.0pt; font-family: \'Arial\',sans-serif;\">Nahkoda</span></p>\n</td>\n<td style=\"width: 67.5pt; border-top: none; border-left: none; border-bottom: solid windowtext 1.0pt; border-right: solid windowtext 1.0pt; mso-border-top-alt: solid windowtext .5pt; mso-border-left-alt: solid windowtext .5pt; mso-border-alt: solid windowtext .5pt; padding: 0in 5.4pt 0in 5.4pt;\" valign=\"top\" width=\"90\">\n<p class=\"MsoNormal\" style=\"margin-bottom: 0in; line-height: normal;\"><span style=\"font-size: 12.0pt; font-family: \'Arial\',sans-serif;\">-</span></p>\n</td>\n<td style=\"width: 185.25pt; border-top: none; border-left: none; border-bottom: solid windowtext 1.0pt; border-right: solid windowtext 1.0pt; mso-border-top-alt: solid windowtext .5pt; mso-border-left-alt: solid windowtext .5pt; mso-border-alt: solid windowtext .5pt; padding: 0in 5.4pt 0in 5.4pt;\" valign=\"top\" width=\"247\">\n<p class=\"MsoNormal\" style=\"margin-bottom: 0in; line-height: normal;\"><span style=\"font-size: 12.0pt; font-family: \'Arial\',sans-serif;\">KKM, Perwira Deck, Markonis</span></p>\n</td>\n<td style=\"width: 93.5pt; border-top: none; border-left: none; border-bottom: solid windowtext 1.0pt; border-right: solid windowtext 1.0pt; mso-border-top-alt: solid windowtext .5pt; mso-border-left-alt: solid windowtext .5pt; mso-border-alt: solid windowtext .5pt; padding: 0in 5.4pt 0in 5.4pt;\" valign=\"top\" width=\"125\">\n<p class=\"MsoNormal\" style=\"margin-bottom: 0in; line-height: normal;\"><span style=\"font-size: 12.0pt; font-family: \'Arial\',sans-serif;\">&nbsp;</span></p>\n</td>\n</tr>\n<tr style=\"mso-yfti-irow: 3;\">\n<td style=\"width: 31.25pt; border: solid windowtext 1.0pt; border-top: none; mso-border-top-alt: solid windowtext .5pt; mso-border-alt: solid windowtext .5pt; padding: 0in 5.4pt 0in 5.4pt;\" valign=\"top\" width=\"42\">\n<p class=\"MsoNormal\" style=\"margin-bottom: 0in; line-height: normal;\"><span style=\"font-size: 12.0pt; font-family: \'Arial\',sans-serif;\">c.</span></p>\n</td>\n<td style=\"width: 1.25in; border-top: none; border-left: none; border-bottom: solid windowtext 1.0pt; border-right: solid windowtext 1.0pt; mso-border-top-alt: solid windowtext .5pt; mso-border-left-alt: solid windowtext .5pt; mso-border-alt: solid windowtext .5pt; padding: 0in 5.4pt 0in 5.4pt;\" valign=\"top\" width=\"120\">\n<p class=\"MsoNormal\" style=\"margin-bottom: 0in; line-height: normal;\"><span style=\"font-size: 12.0pt; font-family: \'Arial\',sans-serif;\">KKM</span></p>\n</td>\n<td style=\"width: 67.5pt; border-top: none; border-left: none; border-bottom: solid windowtext 1.0pt; border-right: solid windowtext 1.0pt; mso-border-top-alt: solid windowtext .5pt; mso-border-left-alt: solid windowtext .5pt; mso-border-alt: solid windowtext .5pt; padding: 0in 5.4pt 0in 5.4pt;\" valign=\"top\" width=\"90\">\n<p class=\"MsoNormal\" style=\"margin-bottom: 0in; line-height: normal;\"><span style=\"font-size: 12.0pt; font-family: \'Arial\',sans-serif;\">Nahkoda</span></p>\n</td>\n<td style=\"width: 185.25pt; border-top: none; border-left: none; border-bottom: solid windowtext 1.0pt; border-right: solid windowtext 1.0pt; mso-border-top-alt: solid windowtext .5pt; mso-border-left-alt: solid windowtext .5pt; mso-border-alt: solid windowtext .5pt; padding: 0in 5.4pt 0in 5.4pt;\" valign=\"top\" width=\"247\">\n<p class=\"MsoNormal\" style=\"margin-bottom: 0in; line-height: normal;\"><span style=\"font-size: 12.0pt; font-family: \'Arial\',sans-serif;\">Perwira Mesin</span></p>\n</td>\n<td style=\"width: 93.5pt; border-top: none; border-left: none; border-bottom: solid windowtext 1.0pt; border-right: solid windowtext 1.0pt; mso-border-top-alt: solid windowtext .5pt; mso-border-left-alt: solid windowtext .5pt; mso-border-alt: solid windowtext .5pt; padding: 0in 5.4pt 0in 5.4pt;\" valign=\"top\" width=\"125\">\n<p class=\"MsoNormal\" style=\"margin-bottom: 0in; line-height: normal;\"><span style=\"font-size: 12.0pt; font-family: \'Arial\',sans-serif;\">&nbsp;</span></p>\n</td>\n</tr>\n<tr style=\"mso-yfti-irow: 4;\">\n<td style=\"width: 31.25pt; border: solid windowtext 1.0pt; border-top: none; mso-border-top-alt: solid windowtext .5pt; mso-border-alt: solid windowtext .5pt; padding: 0in 5.4pt 0in 5.4pt;\" valign=\"top\" width=\"42\">\n<p class=\"MsoNormal\" style=\"margin-bottom: 0in; line-height: normal;\"><span style=\"font-size: 12.0pt; font-family: \'Arial\',sans-serif;\">d.</span></p>\n</td>\n<td style=\"width: 1.25in; border-top: none; border-left: none; border-bottom: solid windowtext 1.0pt; border-right: solid windowtext 1.0pt; mso-border-top-alt: solid windowtext .5pt; mso-border-left-alt: solid windowtext .5pt; mso-border-alt: solid windowtext .5pt; padding: 0in 5.4pt 0in 5.4pt;\" valign=\"top\" width=\"120\">\n<p class=\"MsoNormal\" style=\"margin-bottom: 0in; line-height: normal;\"><span style=\"font-size: 12.0pt; font-family: \'Arial\',sans-serif;\">Mualim I</span></p>\n</td>\n<td style=\"width: 67.5pt; border-top: none; border-left: none; border-bottom: solid windowtext 1.0pt; border-right: solid windowtext 1.0pt; mso-border-top-alt: solid windowtext .5pt; mso-border-left-alt: solid windowtext .5pt; mso-border-alt: solid windowtext .5pt; padding: 0in 5.4pt 0in 5.4pt;\" valign=\"top\" width=\"90\">\n<p class=\"MsoNormal\" style=\"margin-bottom: 0in; line-height: normal;\"><span style=\"font-size: 12.0pt; font-family: \'Arial\',sans-serif;\">Nahkoda</span></p>\n</td>\n<td style=\"width: 185.25pt; border-top: none; border-left: none; border-bottom: solid windowtext 1.0pt; border-right: solid windowtext 1.0pt; mso-border-top-alt: solid windowtext .5pt; mso-border-left-alt: solid windowtext .5pt; mso-border-alt: solid windowtext .5pt; padding: 0in 5.4pt 0in 5.4pt;\" valign=\"top\" width=\"247\">\n<p class=\"MsoNormal\" style=\"margin-bottom: 0in; line-height: normal;\"><span style=\"font-size: 12.0pt; font-family: \'Arial\',sans-serif;\">Serang, Juru Mudi, Kelasi</span></p>\n</td>\n<td style=\"width: 93.5pt; border-top: none; border-left: none; border-bottom: solid windowtext 1.0pt; border-right: solid windowtext 1.0pt; mso-border-top-alt: solid windowtext .5pt; mso-border-left-alt: solid windowtext .5pt; mso-border-alt: solid windowtext .5pt; padding: 0in 5.4pt 0in 5.4pt;\" valign=\"top\" width=\"125\">\n<p class=\"MsoNormal\" style=\"margin-bottom: 0in; line-height: normal;\"><span style=\"font-size: 12.0pt; font-family: \'Arial\',sans-serif;\">&nbsp;</span></p>\n</td>\n</tr>\n<tr style=\"mso-yfti-irow: 5;\">\n<td style=\"width: 31.25pt; border: solid windowtext 1.0pt; border-top: none; mso-border-top-alt: solid windowtext .5pt; mso-border-alt: solid windowtext .5pt; padding: 0in 5.4pt 0in 5.4pt;\" valign=\"top\" width=\"42\">\n<p class=\"MsoNormal\" style=\"margin-bottom: 0in; line-height: normal;\"><span style=\"font-size: 12.0pt; font-family: \'Arial\',sans-serif;\">e.</span></p>\n</td>\n<td style=\"width: 1.25in; border-top: none; border-left: none; border-bottom: solid windowtext 1.0pt; border-right: solid windowtext 1.0pt; mso-border-top-alt: solid windowtext .5pt; mso-border-left-alt: solid windowtext .5pt; mso-border-alt: solid windowtext .5pt; padding: 0in 5.4pt 0in 5.4pt;\" valign=\"top\" width=\"120\">\n<p class=\"MsoNormal\" style=\"margin-bottom: 0in; line-height: normal;\"><span style=\"font-size: 12.0pt; font-family: \'Arial\',sans-serif;\">Mualim II</span></p>\n</td>\n<td style=\"width: 67.5pt; border-top: none; border-left: none; border-bottom: solid windowtext 1.0pt; border-right: solid windowtext 1.0pt; mso-border-top-alt: solid windowtext .5pt; mso-border-left-alt: solid windowtext .5pt; mso-border-alt: solid windowtext .5pt; padding: 0in 5.4pt 0in 5.4pt;\" valign=\"top\" width=\"90\">\n<p class=\"MsoNormal\" style=\"margin-bottom: 0in; line-height: normal;\"><span style=\"font-size: 12.0pt; font-family: \'Arial\',sans-serif;\">Nahkoda</span></p>\n</td>\n<td style=\"width: 185.25pt; border-top: none; border-left: none; border-bottom: solid windowtext 1.0pt; border-right: solid windowtext 1.0pt; mso-border-top-alt: solid windowtext .5pt; mso-border-left-alt: solid windowtext .5pt; mso-border-alt: solid windowtext .5pt; padding: 0in 5.4pt 0in 5.4pt;\" valign=\"top\" width=\"247\">\n<p class=\"MsoNormal\" style=\"margin-bottom: 0in; line-height: normal;\"><span style=\"font-size: 12.0pt; font-family: \'Arial\',sans-serif;\">Koki, Kelasi, Pelayan</span></p>\n</td>\n<td style=\"width: 93.5pt; border-top: none; border-left: none; border-bottom: solid windowtext 1.0pt; border-right: solid windowtext 1.0pt; mso-border-top-alt: solid windowtext .5pt; mso-border-left-alt: solid windowtext .5pt; mso-border-alt: solid windowtext .5pt; padding: 0in 5.4pt 0in 5.4pt;\" valign=\"top\" width=\"125\">\n<p class=\"MsoNormal\" style=\"margin-bottom: 0in; line-height: normal;\"><span style=\"font-size: 12.0pt; font-family: \'Arial\',sans-serif;\">&nbsp;</span></p>\n</td>\n</tr>\n<tr style=\"mso-yfti-irow: 6;\">\n<td style=\"width: 31.25pt; border: solid windowtext 1.0pt; border-top: none; mso-border-top-alt: solid windowtext .5pt; mso-border-alt: solid windowtext .5pt; padding: 0in 5.4pt 0in 5.4pt;\" valign=\"top\" width=\"42\">\n<p class=\"MsoNormal\" style=\"margin-bottom: 0in; line-height: normal;\"><span style=\"font-size: 12.0pt; font-family: \'Arial\',sans-serif;\">f.</span></p>\n</td>\n<td style=\"width: 1.25in; border-top: none; border-left: none; border-bottom: solid windowtext 1.0pt; border-right: solid windowtext 1.0pt; mso-border-top-alt: solid windowtext .5pt; mso-border-left-alt: solid windowtext .5pt; mso-border-alt: solid windowtext .5pt; padding: 0in 5.4pt 0in 5.4pt;\" valign=\"top\" width=\"120\">\n<p class=\"MsoNormal\" style=\"margin-bottom: 0in; line-height: normal;\"><span style=\"font-size: 12.0pt; font-family: \'Arial\',sans-serif;\">Masinis I</span></p>\n</td>\n<td style=\"width: 67.5pt; border-top: none; border-left: none; border-bottom: solid windowtext 1.0pt; border-right: solid windowtext 1.0pt; mso-border-top-alt: solid windowtext .5pt; mso-border-left-alt: solid windowtext .5pt; mso-border-alt: solid windowtext .5pt; padding: 0in 5.4pt 0in 5.4pt;\" valign=\"top\" width=\"90\">\n<p class=\"MsoNormal\" style=\"margin-bottom: 0in; line-height: normal;\"><span style=\"font-size: 12.0pt; font-family: \'Arial\',sans-serif;\">Nahkoda</span></p>\n</td>\n<td style=\"width: 185.25pt; border-top: none; border-left: none; border-bottom: solid windowtext 1.0pt; border-right: solid windowtext 1.0pt; mso-border-top-alt: solid windowtext .5pt; mso-border-left-alt: solid windowtext .5pt; mso-border-alt: solid windowtext .5pt; padding: 0in 5.4pt 0in 5.4pt;\" valign=\"top\" width=\"247\">\n<p class=\"MsoNormal\" style=\"margin-bottom: 0in; line-height: normal;\"><span style=\"font-size: 12.0pt; font-family: \'Arial\',sans-serif;\">Electrisian, Mandor Mesin, Oiler</span></p>\n</td>\n<td style=\"width: 93.5pt; border-top: none; border-left: none; border-bottom: solid windowtext 1.0pt; border-right: solid windowtext 1.0pt; mso-border-top-alt: solid windowtext .5pt; mso-border-left-alt: solid windowtext .5pt; mso-border-alt: solid windowtext .5pt; padding: 0in 5.4pt 0in 5.4pt;\" valign=\"top\" width=\"125\">\n<p class=\"MsoNormal\" style=\"margin-bottom: 0in; line-height: normal;\"><span style=\"font-size: 12.0pt; font-family: \'Arial\',sans-serif;\">&nbsp;</span></p>\n</td>\n</tr>\n<tr style=\"mso-yfti-irow: 7; mso-yfti-lastrow: yes;\">\n<td style=\"width: 31.25pt; border: solid windowtext 1.0pt; border-top: none; mso-border-top-alt: solid windowtext .5pt; mso-border-alt: solid windowtext .5pt; padding: 0in 5.4pt 0in 5.4pt;\" valign=\"top\" width=\"42\">\n<p class=\"MsoNormal\" style=\"margin-bottom: 0in; line-height: normal;\"><span style=\"font-size: 12.0pt; font-family: \'Arial\',sans-serif;\">g.</span></p>\n</td>\n<td style=\"width: 1.25in; border-top: none; border-left: none; border-bottom: solid windowtext 1.0pt; border-right: solid windowtext 1.0pt; mso-border-top-alt: solid windowtext .5pt; mso-border-left-alt: solid windowtext .5pt; mso-border-alt: solid windowtext .5pt; padding: 0in 5.4pt 0in 5.4pt;\" valign=\"top\" width=\"120\">\n<p class=\"MsoNormal\" style=\"margin-bottom: 0in; line-height: normal;\"><span style=\"font-size: 12.0pt; font-family: \'Arial\',sans-serif;\">Markonis</span></p>\n</td>\n<td style=\"width: 67.5pt; border-top: none; border-left: none; border-bottom: solid windowtext 1.0pt; border-right: solid windowtext 1.0pt; mso-border-top-alt: solid windowtext .5pt; mso-border-left-alt: solid windowtext .5pt; mso-border-alt: solid windowtext .5pt; padding: 0in 5.4pt 0in 5.4pt;\" valign=\"top\" width=\"90\">\n<p class=\"MsoNormal\" style=\"margin-bottom: 0in; line-height: normal;\"><span style=\"font-size: 12.0pt; font-family: \'Arial\',sans-serif;\">Nahkoda</span></p>\n</td>\n<td style=\"width: 185.25pt; border-top: none; border-left: none; border-bottom: solid windowtext 1.0pt; border-right: solid windowtext 1.0pt; mso-border-top-alt: solid windowtext .5pt; mso-border-left-alt: solid windowtext .5pt; mso-border-alt: solid windowtext .5pt; padding: 0in 5.4pt 0in 5.4pt;\" valign=\"top\" width=\"247\">\n<p class=\"MsoNormal\" style=\"margin-bottom: 0in; line-height: normal;\"><span style=\"font-size: 12.0pt; font-family: \'Arial\',sans-serif;\">Koki, Pelayan</span></p>\n</td>\n<td style=\"width: 93.5pt; border-top: none; border-left: none; border-bottom: solid windowtext 1.0pt; border-right: solid windowtext 1.0pt; mso-border-top-alt: solid windowtext .5pt; mso-border-left-alt: solid windowtext .5pt; mso-border-alt: solid windowtext .5pt; padding: 0in 5.4pt 0in 5.4pt;\" valign=\"top\" width=\"125\">\n<p class=\"MsoNormal\" style=\"margin-bottom: 0in; line-height: normal;\"><span style=\"font-size: 12.0pt; font-family: \'Arial\',sans-serif;\">&nbsp;</span></p>\n</td>\n</tr>\n</tbody>\n</table>\n<p style=\"text-align: left;\"><span style=\"font-family: arial, helvetica, sans-serif; font-size: 12pt;\">3. Hasil Penilai kondite dilaporkan ke HO dan diketahui oleh Nahkoda.</span></p>\n<p style=\"text-align: left;\"><span style=\"font-family: arial, helvetica, sans-serif; font-size: 12pt;\">4. Arsipkan form yang telah diisi dan dilengkapi pada file personil yang bersangkutan.</span></p>'),
(44, 'el0609', 'Crew List ', 'EL-06-09', NULL);
INSERT INTO `kode_form` (`id`, `kode`, `nama`, `ket`, `intruksi`) VALUES
(45, 'el0610', 'Laporan Pemantauan Mutasi Awak Kapal', 'EL-06-10', NULL);
INSERT INTO `kondite` (`id`, `uid`, `id_periode`, `id_karyawan`, `id_jabatan`, `tgl_nilai`, `rekomendasi`, `note`, `status`, `id_penilai_1`, `id_penilai_2`, `id_mengetahui`, `created_by`, `created_date`, `changed_by`, `changed_date`) VALUES
(1, '1feab4d2-493d-44a8-b60b-c50f2fe0936c', 5, 84, 5, NULL, NULL, NULL, 'A', NULL, NULL, NULL, 1, '2025-11-26', NULL, '2025-11-26 08:25:21'),
(2, '9395ec22-7736-426e-b473-d143e3b3785c', 5, 85, 12, '2025-11-28', '2', 'bagus lah', 'A', 26, 84, 26, 1, '2025-11-26', NULL, '2025-11-28 06:20:40'),
(3, '078a1b28-7d86-4916-89d9-712aef16d29a', 5, 86, 13, NULL, NULL, NULL, 'A', NULL, NULL, NULL, 1, '2025-11-26', NULL, '2025-11-26 08:25:21'),
(4, '84a7b98c-1220-4e59-81b8-b9f632ddf6bc', 5, 87, 14, '2025-11-28', '4', 'sering ditegur', 'A', NULL, NULL, NULL, 1, '2025-11-26', NULL, '2025-11-28 05:35:21'),
(5, '5bd60fa7-996c-4986-aa62-acc0e566a187', 5, 88, 15, '2025-11-28', '1', 'bagus kerjanya', 'A', NULL, NULL, NULL, 1, '2025-11-26', NULL, '2025-11-28 05:36:34'),
(6, '10e6a9c7-19b0-4d6f-b228-c037b53b0c25', 5, 89, 15, NULL, NULL, NULL, 'A', NULL, NULL, NULL, 1, '2025-11-26', NULL, '2025-11-26 08:25:21'),
(7, 'e6a03e09-304d-487f-9693-faa0b1344e95', 5, 90, 16, NULL, NULL, NULL, 'A', NULL, NULL, NULL, 1, '2025-11-26', NULL, '2025-11-26 08:25:21'),
(8, '6ab01d7a-6c3a-4c33-890f-f2ece66ef81c', 5, 91, 17, NULL, NULL, NULL, 'A', NULL, NULL, NULL, 1, '2025-11-26', NULL, '2025-11-26 08:25:21'),
(9, 'a837ba15-e850-42c8-b4a1-66812b1fdb59', 5, 92, 18, NULL, NULL, NULL, 'A', NULL, NULL, NULL, 1, '2025-11-26', NULL, '2025-11-26 08:25:21'),
(10, '3ebadb11-a68c-4322-a419-e385c572f578', 5, 93, 19, NULL, NULL, NULL, 'A', NULL, NULL, NULL, 1, '2025-11-26', NULL, '2025-11-26 08:25:21'),
(11, '3a5a09cc-7bd2-4028-8914-7159fd3bbb9e', 5, 94, 20, NULL, NULL, NULL, 'A', NULL, NULL, NULL, 1, '2025-11-26', NULL, '2025-11-26 08:25:21'),
(12, '35c4e45d-1962-4a73-a8d7-243c3ce4bcab', 5, 95, 21, NULL, NULL, NULL, 'A', NULL, NULL, NULL, 1, '2025-11-26', NULL, '2025-11-26 08:25:21'),
(13, '74f5b489-d7c6-48d1-a2b6-8c203e57b9d4', 5, 96, 23, NULL, NULL, NULL, 'A', NULL, NULL, NULL, 1, '2025-11-26', NULL, '2025-11-26 08:25:21'),
(14, '0c589308-d1a9-418c-a832-cdcdc17909ed', 5, 97, 23, NULL, NULL, NULL, 'A', NULL, NULL, NULL, 1, '2025-11-26', NULL, '2025-11-26 08:25:21'),
(15, 'c3998d64-73ec-46a1-98f9-db3033b4a261', 5, 98, 26, NULL, NULL, NULL, 'A', NULL, NULL, NULL, 1, '2025-11-26', NULL, '2025-11-26 08:25:21'),
(16, '3c19944e-4c60-4bb2-b348-fb9f8c6a684e', 5, 99, 26, NULL, NULL, NULL, 'A', NULL, NULL, NULL, 1, '2025-11-26', NULL, '2025-11-26 08:25:21'),
(17, '4317b8db-f7f3-4aa2-a4e3-11f77646ed65', 5, 100, 26, NULL, NULL, NULL, 'A', NULL, NULL, NULL, 1, '2025-11-26', NULL, '2025-11-26 08:25:21'),
(18, 'a42d038a-9ae8-475f-b526-9d8476fb8576', 5, 101, 26, NULL, NULL, NULL, 'A', NULL, NULL, NULL, 1, '2025-11-26', NULL, '2025-11-26 08:25:21'),
(19, 'f3eef216-89ad-43a2-a58e-cb39c09ba0c0', 5, 102, 24, NULL, NULL, NULL, 'A', NULL, NULL, NULL, 1, '2025-11-26', NULL, '2025-11-26 08:25:21'),
(20, '8ec49308-0555-497d-b92f-a8f3d3b2c519', 5, 103, 24, NULL, NULL, NULL, 'A', NULL, NULL, NULL, 1, '2025-11-26', NULL, '2025-11-26 08:25:21'),
(21, 'bc138acc-369a-4cd9-a52d-c0476546e867', 5, 104, 27, NULL, NULL, NULL, 'A', NULL, NULL, NULL, 1, '2025-11-26', NULL, '2025-11-26 08:25:21'),
(22, '48bcaffa-03f8-4bc3-9606-29678a5286e3', 5, 105, 27, NULL, NULL, NULL, 'A', NULL, NULL, NULL, 1, '2025-11-26', NULL, '2025-11-26 08:25:21'),
(23, '2de5bdfa-7159-4a4b-90a7-b7d246d3e5e7', 5, 106, 27, NULL, NULL, NULL, 'A', NULL, NULL, NULL, 1, '2025-11-26', NULL, '2025-11-26 08:25:21'),
(24, '0c95ce3d-8295-4f4a-8a96-c1b86e8ab7aa', 5, 107, 27, NULL, NULL, NULL, 'A', NULL, NULL, NULL, 1, '2025-11-26', NULL, '2025-11-26 08:25:21'),
(25, 'fad1a017-8fea-4d1a-a709-4f4d0e70cfd0', 5, 108, 0, NULL, NULL, NULL, 'A', NULL, NULL, NULL, 1, '2025-11-26', NULL, '2025-11-26 08:25:21'),
(26, 'a9b7cd94-78da-486c-a920-ba9c04f3cf88', 5, 109, 28, NULL, NULL, NULL, 'A', NULL, NULL, NULL, 1, '2025-11-26', NULL, '2025-11-26 08:25:21'),
(27, '119f31c3-a947-4963-8747-e532e80f00d5', 5, 110, 28, NULL, NULL, NULL, 'A', NULL, NULL, NULL, 1, '2025-11-26', NULL, '2025-11-26 08:25:21'),
(28, 'b0cdafb7-d122-4af4-ab1a-16352da9f74d', 5, 111, 28, NULL, NULL, NULL, 'A', NULL, NULL, NULL, 1, '2025-11-26', NULL, '2025-11-26 08:25:21'),
(29, 'b5998f97-9cd2-4678-a1dd-5ea532ac9c5a', 5, 112, 28, NULL, NULL, NULL, 'A', NULL, NULL, NULL, 1, '2025-11-26', NULL, '2025-11-26 08:25:21'),
(30, 'eef1bf04-2cd5-4b87-96e9-822bfeb6e4c5', 5, 113, 28, NULL, NULL, NULL, 'A', NULL, NULL, NULL, 1, '2025-11-26', NULL, '2025-11-26 08:25:21'),
(31, '7aad8376-8c74-4257-9de2-eef8dc24cf82', 5, 114, 28, NULL, NULL, NULL, 'A', NULL, NULL, NULL, 1, '2025-11-26', NULL, '2025-11-26 08:25:21'),
(32, '8f79a465-9c4d-4854-89fe-8ff9bdd39209', 5, 115, 28, NULL, NULL, NULL, 'A', NULL, NULL, NULL, 1, '2025-11-26', NULL, '2025-11-26 08:25:21'),
(33, '3d6d1acd-2c5f-403e-ab72-76bcc359f0db', 5, 116, 28, NULL, NULL, NULL, 'A', NULL, NULL, NULL, 1, '2025-11-26', NULL, '2025-11-26 08:25:21'),
(34, '64266bec-e505-4770-91a0-97a3994ba582', 5, 117, 25, NULL, NULL, NULL, 'A', NULL, NULL, NULL, 1, '2025-11-26', NULL, '2025-11-26 08:25:21'),
(35, '0535becb-a77d-48c9-a9e5-f0e766d4972f', 5, 118, 25, NULL, NULL, NULL, 'A', NULL, NULL, NULL, 1, '2025-11-26', NULL, '2025-11-26 08:25:21'),
(36, 'a0dbcba8-c353-4506-99a8-65b7815d563f', 5, 119, 29, NULL, NULL, NULL, 'A', NULL, NULL, NULL, 1, '2025-11-26', NULL, '2025-11-26 08:25:21');
INSERT INTO `master_file` (`id`, `type`, `nama`, `ket`, `status`) VALUES
(1, 'P', 'NPWP Perusahaan', NULL, 'A'),
(2, 'K', 'Ijin Operasi', 'Perhubungan Laut', 'A'),
(3, 'K', 'Ship Particular', 'BKI', 'A'),
(4, 'P', 'Akte Pendirian', NULL, 'A'),
(5, 'S', 'KTP', 'Crew Darat', 'A'),
(6, 'K', 'Grose Akta', NULL, 'A'),
(7, 'K', 'Surat Ukur', NULL, 'A'),
(8, 'K', 'Surat Laut', NULL, 'A'),
(9, 'K', 'General Arrangement', NULL, 'A'),
(10, 'P', 'SIUPAL', NULL, 'A'),
(11, 'P', 'Akta Perubahan Terakhir', NULL, 'A'),
(12, 'P', 'Profil Perusahaan', NULL, 'A'),
(13, 'P', 'Mesin Induk', NULL, 'A'),
(14, 'S', 'Ijazah', 'Crew Darat', 'A'),
(15, 'K', 'aaaa', 'Crew Laut', 'D'),
(16, 'K', 'rgtrgf', 'Crew Laut', 'D'),
(17, 'P', 'sfsdfs', 'Crew Laut', 'A'),
(18, 'K', 'wfewgre', 'BKI', 'A'),
(19, 'S', 'abcd', 'Crew Laut', 'A'),
(20, 'S', 'gtsyer', 'Crew Darat', 'A');
INSERT INTO `menu` (`id`, `nama`, `kode`, `link`, `icon`, `id_parent`, `no`, `menu_user`, `status`) VALUES
(1, 'Companies', 'perusahaan', '/perusahaan', '<i data-feather=\'file-text\'></i>', 0, 1, 'N', 'A'),
(2, 'Fleets Management', 'kapal', '/kapal', '<i data-feather=\'anchor\'></i>', 0, 2, 'N', 'A'),
(3, 'Elemen 1', 'element1', '/element1', '<i data-feather=\'folder-minus\'></i>', 10, 2, 'N', 'A'),
(4, 'EL-01-01', 'el0101', '/el0101', NULL, 3, 1, 'N', 'A'),
(5, 'Position', 'jabatan', '/jabatan', '<i data-feather=\'award\'></i>', 7, 1, 'N', 'A'),
(6, 'Access Account ', 'akses', 'akses', '<i data-feather=\'key\'></i>', 7, 3, 'N', 'A'),
(7, 'Master', 'master', '/master', '<i data-feather=\'server\'></i>', 0, 10, 'N', 'A'),
(8, 'Crewing Management', 'karyawan', '/karyawan', '<i data-feather=\'users\'></i>', 0, 3, 'N', 'A'),
(9, 'Procedures', 'prosedur', '/prosedur', '<i data-feather=\'book\'></i>', 10, 1, 'N', 'A'),
(10, 'ISM Code', 'ism', '', '<i data-feather=\'airplay\'></i>', 0, 4, 'N', 'A'),
(11, 'Purchasing&Logistics', 'purchas', 'purchas', '<i data-feather=\'tag\'></i>', 0, 5, 'N', 'A'),
(12, 'Production', 'production', 'production', '<i data-feather=\'package\'></i>', 0, 6, 'N', 'A'),
(13, 'EL-01-02', 'el0102', '/el0102', NULL, 3, 2, 'N', 'A'),
(14, 'EL-01-03', 'el0103', '/el0103', NULL, 3, 3, 'N', 'A'),
(15, 'EL-01-04', 'el0104', '/el0104', NULL, 3, 4, 'N', 'A'),
(16, 'Elemen 2', 'elemen2', '/elemen2', '<i data-feather=\'bookmark\'></i>', 10, 3, 'N', 'A'),
(17, 'Dashboard', 'dashboard', '/dashboard', '<i data-feather=\'home\'></i>', 0, 0, 'N', 'A'),
(18, 'Elemen 3', 'elemen3', '/elemen3', '<i data-feather=\'check-square\'></i>', 10, 4, 'N', 'A'),
(19, 'EL-03-01', 'el0301', '/el0301', NULL, 18, 1, 'N', 'A'),
(20, 'EL-03-02', 'el0302', '/el0302', NULL, 18, 2, 'N', 'A'),
(21, 'EL-03-03', 'el0303', '/el0303', NULL, 18, 3, 'N', 'A'),
(22, 'EL-03-04', 'el0304', '/el0304', NULL, 18, 4, 'N', 'A'),
(23, 'EL-03-05', 'el0305', '/el0305', NULL, 18, 5, 'N', 'A'),
(24, 'EL-03-06', 'el0306', '/el0306', NULL, 18, 6, 'N', 'A'),
(25, 'EL-03-07', 'el0307', '/el0307', NULL, 18, 7, 'N', 'A'),
(26, 'EL-03-08', 'el0308', '/el0308', NULL, 18, 8, 'N', 'A'),
(27, 'EL-03-09', 'el0309', '/el0309', NULL, 18, 9, 'N', 'A'),
(28, 'EL-03-10', 'el0310', '/el0310', NULL, 18, 10, 'N', 'A'),
(29, 'EL-03-11', 'el0311', '/el0311', NULL, 18, 11, 'N', 'A'),
(30, 'EL-03-12', 'el0312', '/el0312', NULL, 18, 12, 'N', 'A'),
(31, 'Elemen 4', 'elemen4', '/elemen4', '<i data-feather=\'edit-3\'></i>', 10, 5, 'N', 'A'),
(32, 'EL-04-01', 'el0401', '/el0401', NULL, 31, 1, 'N', 'A'),
(33, 'EL-04-02', 'el0402', '/el0402', NULL, 31, 2, 'N', 'A'),
(34, 'EL-04-03', 'el0403', '/el0403', NULL, 31, 3, 'N', 'A'),
(35, 'EL-04-04', 'el0404', '/el0404', NULL, 31, 4, 'N', 'A'),
(36, 'EL-04-05', 'el0405', '/el0405', NULL, 31, 5, 'N', 'A'),
(37, 'Dashboard', 'dashboard', '/dashboard', '<i data-feather=\'home\'></i>', 0, 1, 'Y', 'A'),
(38, 'Procedure', 'prosedur', '/prosedur/view', '<i data-feather=\'book\'></i>', 0, 2, 'Y', 'A'),
(39, 'File Upload', 'file', '/file', '<i data-feather=\'file\'></i>', 7, 2, 'N', 'A'),
(40, 'Element 5', 'elemen5', '/elemen5', '<i data-feather=\'database\'></i>', 10, 6, 'N', 'A'),
(41, 'EL-05-01', 'el0501', '/el0501', NULL, 40, 1, 'N', 'A'),
(42, 'EL-05-02', 'el0502', '/el0502', NULL, 40, 2, 'N', 'A'),
(43, 'EL-05-03', 'el0503', '/el0503', NULL, 40, 3, 'N', 'A'),
(44, 'EL-05-04', 'el0504', '/el0504', NULL, 40, 4, 'N', 'A'),
(45, 'EL-05-05', 'el0505', '/el0505', NULL, 40, 5, 'N', 'A'),
(46, 'EL-05-06', 'el0506', '/el0506', NULL, 40, 6, 'N', 'A'),
(47, 'EL-05-07', 'el0507', '/el0507', NULL, 40, 7, 'N', 'A'),
(48, 'EL-05-08', 'el0508', '/el0508', NULL, 40, 8, 'N', 'A'),
(49, 'EL-05-09', 'el0509', '/el0509', NULL, 40, 9, 'N', 'A'),
(50, 'EL-05-10', 'el0510', '/el0510', NULL, 40, 10, 'N', 'A'),
(51, 'EL-05-11', 'el0511', '/el0511', NULL, 40, 11, 'N', 'A'),
(52, 'EL-05-12', 'el0512', '/el0512', NULL, 40, 12, 'N', 'A'),
(53, 'Elemen 6', 'elemen6', '/elemen6', '<i data-feather=\'align-justify\'></i>', 10, 7, 'N', 'A'),
(54, 'EL-06-01', 'el0601', '/el0601', NULL, 53, 1, 'N', 'A'),
(55, 'EL-06-02', 'el0602', '/el0602', NULL, 53, 2, 'N', 'A'),
(56, 'EL-06-03', 'el0603', '/el0603', NULL, 53, 3, 'N', 'A'),
(57, 'EL-06-04', 'el0604', '/el0604', NULL, 53, 4, 'N', 'A'),
(58, 'EL-06-05', 'el0605', '/el0605', NULL, 53, 5, 'N', 'A'),
(59, 'EL-06-06', 'el0606', '/el0606', NULL, 53, 6, 'N', 'A'),
(60, 'EL-06-07', 'el0607', '/el0607', NULL, 53, 7, 'N', 'A'),
(61, 'EL-06-08', 'el0608', '/el0608', NULL, 53, 8, 'N', 'A'),
(62, 'EL-06-09', 'el0609', '/el0609', NULL, 53, 9, 'N', 'A'),
(63, 'EL-06-10', 'el0610', '/el0610', NULL, 53, 10, 'N', 'A');
INSERT INTO `minyak_bekas` (`id`, `uid`, `kode`, `id_perusahaan`, `id_kapal`, `tanggal`, `jml_drum`, `pelabuhan`, `id_pj`, `penerima`, `status`, `created_by`, `created_date`, `changed_by`, `changed_date`) VALUES
(1, '39ef8b45-04df-4c0b-82f2-17565d477943', 'el0507', 3, 4, '2025-11-06', 17, 'Merak', 181, 'PT. PRIMANRU JAYA / AZIZ', 'A', 1, '2025-11-07 04:18:50', 1, '2025-11-07 04:19:20'),
(2, '7f0bf2d4-6404-4ebf-888c-747b9ba51704', 'el0507', 3, 6, '2025-11-14', 10, 'lampung', 207, 'PT. ABC / Saudara', 'A', 1, '2025-11-14 04:44:43', NULL, '2025-11-14 04:44:43'),
(3, '7dd7c83c-4ee0-4f09-baf5-eec03b8d7357', 'el0507', 3, 4, '2025-11-18', 13, 'lampung', 167, 'PT. COBALAGI / Saudari', 'A', 1, '2025-11-14 04:45:23', NULL, '2025-11-14 04:45:23');
INSERT INTO `mutasi` (`id`, `uid`, `kode`, `dari_perusahaan`, `dari_kapal`, `id_karyawan`, `id_jabatan`, `tgl_naik`, `tgl_turun`, `ke_perusahaan`, `ke_kapal`, `ket`, `status`, `created_by`, `created_date`, `changed_by`, `changed_date`) VALUES
(1, '2db3d78f-eb44-4005-a976-6bad407dcdb4', 'el0610', 1, 1, 55, 15, '2025-11-01', '2026-06-30', 3, 3, 'mutasi perusahaan', 'A', 1, '2025-11-24 08:04:12', 1, '2025-11-24 22:41:24');
INSERT INTO `notulen` (`id`, `uid`, `kode`, `id_perusahaan`, `id_kapal`, `tanggal`, `tempat`, `hal`, `materi`, `id_nahkoda`, `id_dpa`, `id_notulen`, `status`, `created_by`, `created_date`, `changed_by`, `changed_date`) VALUES
(1, '4de73970-6ef3-4986-be25-ba9abecbe147', 'el0301', 1, 2, '2025-09-12', 'Di kantor pusat ALS Merak', 'penting', '<p>sudah dilakukan penyuluhan untuk seluruh awak kapal ALS Elvina</p>', 3, NULL, 4, 'A', 1, '2025-09-13 23:12:10', NULL, '2025-10-29 21:47:53'),
(2, '9ae551c0-ae0c-44a4-92c1-cf098e39bae9', 'el0402', 1, 1, '2026-09-30', 'Di kantor pusat ALS Merak', 'penting', 'aaaa', 3, NULL, 4, 'D', 1, '2025-09-29 22:23:34', 1, '2025-11-17 03:16:46'),
(3, 'bf9072e6-5255-40eb-a669-303b930922f0', 'el0402', 1, NULL, '2025-09-30', 'Di kantor pusat ALS Merak', 'penting', 'aaaa', 3, NULL, 4, 'D', 1, '2025-09-29 22:29:43', 1, '2025-10-29 23:00:49'),
(4, '07b9449b-456a-4eca-98ad-a2d88068852c', 'el0402', 1, NULL, '2025-09-30', 'Di kantor pusat ALS Merak', 'penting', 'aaaa', 3, NULL, 4, 'D', 1, '2025-09-29 22:30:42', 1, '2025-10-29 23:00:49'),
(5, '2703975e-127e-463f-a08f-21091ccb9339', 'el0402', 1, 1, '2025-09-30', 'Di kantor pusat ALS Merak', 'penting', 'aaaa bbb', 3, NULL, 4, 'A', 1, '2025-09-29 22:31:05', NULL, '2025-10-29 23:01:06'),
(6, 'b9e77be3-fb81-433d-9c1a-123acb577f5d', 'el0402', 1, 1, '2025-09-24', 'Di kantor pusat ALS', 'penting', '<p>nyobain pake tinymce</p>', 15, NULL, 12, 'A', 1, '2025-09-29 22:44:37', NULL, '2025-10-29 23:01:10'),
(7, 'c7b3f306-edd4-446b-aa63-45e1110bf8d5', 'el0402', 1, 2, '2025-10-01', 'Di kantor pusat ALS', 'penting', '<p class=\"MsoNoSpacing\" style=\"margin-left: 64.35pt; text-indent: -18pt; line-height: 115%; text-align: left;\"><span style=\"font-size: 12pt;\"><span lang=\"SV\" style=\"font-family: \'Times New Roman\',serif; mso-fareast-font-family: \'Times New Roman\'; mso-ansi-language: SV;\"><span style=\"mso-list: Ignore;\"><span style=\"font-style: normal; font-variant: normal; font-size-adjust: none; font-kerning: auto; font-optical-sizing: auto; font-feature-settings: normal; font-variation-settings: normal; font-weight: normal; font-stretch: normal; line-height: normal; font-family: \'Times New Roman\';\"></span></span></span><!--[endif]--><span lang=\"SV\" style=\"font-family: \'Times New Roman\',serif; mso-ansi-language: SV;\">DPA akan memberikan instruksi-instruksi dan petunjuk-petunjuk yang diperlukan kepada, Manajer, dan bagian-bagian lainnya yang terkait serta Nahkoda kapal, dan mendiskusikan masalah-masalah atau temuan-temuan ketidaksesuaian dengan personil-personil yang ditugaskan baik di kantor maupun di kapal</span><span lang=\"IN\" style=\"font-family: \'Times New Roman\',serif; mso-ansi-language: IN;\"> se</span><span lang=\"SV\" style=\"font-family: \'Times New Roman\',serif; mso-ansi-language: SV;\">hingga dapat dicapai penyelesaian yang memuaskan dan memberikan keputusan atas semua masalah atau temuan-temuan <em style=\"mso-bidi-font-style: normal;\">(non-conformities)</em> yang berhubungan dengan manajemen keselamatan dan perlindungan lingkungan.</span></span></p>', 3, NULL, 18, 'A', 1, '2025-10-01 04:22:27', NULL, '2025-10-29 23:07:49'),
(8, 'a98efdce-af2b-49ef-8fe5-08d2f6471819', 'el0301', 1, 1, '2025-10-02', 'Di kantor pusat ALS', 'penting', '<p>Penyuluhan manajemen keselamatan kapal yang dihadiri seluruh ABK Kapal Elvina</p>', 52, NULL, 18, 'A', 1, '2025-10-02 07:19:33', NULL, '2025-10-29 22:54:45'),
(9, 'f8bd1ef4-5fe3-4ddc-9b9f-8fd3d20d03d9', 'el0404', 1, 2, '2025-09-25', 'Ruang Vip', '3', '<p>I. EVALUASI PELAKSANAAN PEMERIKSAAN PERALATAN KESELAMATAN</p>\r\n<ul>\r\n<li>Dimohon untuk Pemeriksaan Alat Keselamatan yang sudah berjalan lebih teliti lagi supaya alat - alat keselamatan siap digunakan pada saat keadaan emergency.</li>\r\n</ul>', 3, 29, 32, 'A', 8, '2025-10-10 02:57:05', NULL, '2025-11-02 22:37:45'),
(10, '51a42130-38f9-427e-8fb8-6020ae57fc02', 'el0404', 1, NULL, '2025-09-25', 'Ruang Vip', '3', '<p>I. EVALUASI PELAKSANAAN PEMERIKSAAN PERALATAN KESELAMATAN</p>\r\n<ul>\r\n<li>Dimohon untuk Pemeriksaan Alat Keselamatan yang sudah berjalan lebih teliti lagi supaya alat - alat keselamatan siap digunakan pada saat keadaan emergency.</li>\r\n</ul>', 3, NULL, 3, 'D', 8, '2025-10-10 02:57:07', 8, '2025-10-29 23:00:49'),
(11, 'b4cf283e-459e-4c6f-a73b-5441487020a2', 'el0404', 1, NULL, '2025-09-25', 'Ruang Vip', 'safety meeting', '<p>I. EVALUASI PELAKSANAAN PEMERIKSAAN PERALATAN KESELAMATAN</p>\r\n<ul>\r\n<li>Dimohon untuk Pemeriksaan Alat Keselamatan yang sudah berjalan lebih teliti lagi supaya alat - alat keselamatan siap digunakan pada saat keadaan emergency.</li>\r\n</ul>', 3, NULL, 3, 'D', 8, '2025-10-10 02:57:19', 8, '2025-10-29 23:00:49'),
(12, '7a6376b2-afc5-47be-86ad-58f22b15fdaf', 'el0404', 1, NULL, '2025-09-25', 'Ruang Vip', 'safety meeting', '<p>I. EVALUASI PELAKSANAAN PEMERIKSAAN PERALATAN KESELAMATAN</p>\r\n<ul>\r\n<li>Dimohon untuk Pemeriksaan Alat Keselamatan yang sudah berjalan lebih teliti lagi supaya alat - alat keselamatan siap digunakan pada saat keadaan emergency.</li>\r\n</ul>', 3, NULL, 3, 'D', 8, '2025-10-10 02:57:29', 8, '2025-10-29 23:00:49'),
(13, '34889761-8940-4ef3-a3f6-e218f5e1251b', 'el0301', 3, 6, '2025-10-01', 'kantor', 'rapat', '<p>apa saja yang bisa diketik</p>', 190, NULL, 27, 'A', 1, '2025-10-29 22:29:38', NULL, '2025-11-03 21:52:13'),
(14, 'ccec3b0a-3ede-47c4-8836-dca16af3e949', 'el0402', 4, 5, '2025-10-30', 'kantor', 'penting', '<p>isi aja sendiri</p>', 26, 26, 94, 'A', 1, '2025-10-29 23:08:49', NULL, '2025-11-02 22:35:59'),
(15, 'f7c607ee-6bdf-4e31-8cb7-0c80bb3abddb', 'el0403', 1, 1, '2025-11-01', 'kantor', 'penting', '<p>a bb cc dd ee</p>', 27, NULL, 126, 'A', 1, '2025-11-02 22:37:09', NULL, '2025-11-17 05:46:05'),
(16, 'd6125244-2dbe-4a1a-a350-a7192dd406cb', 'el0301', 3, 4, '2025-11-14', 'kantor tribuana', 'penting', '<p>peyuluhan keselamatan kapal</p>', 84, NULL, 88, 'A', 1, '2025-11-03 22:37:54', NULL, '2025-11-14 08:07:21');
INSERT INTO `pelatihan` (`id`, `uid`, `kode`, `id_perusahaan`, `id_kapal`, `id_karyawan`, `nama`, `tgl_mulai`, `tgl_selesai`, `tempat`, `hasil`, `status`, `created_by`, `created_date`, `changed_by`, `changed_date`) VALUES
(1, 'e673353b-94cc-4568-9a05-04dbecc7d493', 'el0603', 4, NULL, 92, 'Pelatihan dari Dinas Perhubungan DKI', '2025-11-19', '2025-11-21', 'Plaza Sentral Sudirman, Jakarta', 'dapat sertifikat', 'A', 1, '2025-11-23 23:13:30', 1, '2025-11-23 23:20:24');
INSERT INTO `periode_kondite` (`id`, `uid`, `kode`, `id_perusahaan`, `id_kapal`, `bulan`, `tahun`, `status`, `created_by`, `created_date`, `changed_by`, `changed_date`) VALUES
(1, 'a0c4673c-7f94-430f-83ac-aa7be449e0f1', 'el0608', 3, 4, '07', 2025, 'A', 1, '2025-11-26 07:13:03', 1, '2025-11-26 22:51:02'),
(2, 'aa169c25-2469-4524-bf69-4b8130f64d15', 'el0608', 3, 4, '08', 2025, 'D', 1, '2025-11-26 07:18:48', 1, '2025-11-26 22:54:55'),
(5, '30dcc4e2-14c5-476c-adee-b3cc670084ad', 'el0608', 4, 5, '07', 2025, 'A', 1, '2025-11-26 08:25:21', NULL, '2025-11-26 08:38:51');
INSERT INTO `perusahaan` (`id`, `uid`, `nama`, `kode`, `alamat`, `email`, `telp`, `direktur`, `npwp`, `nib`, `logo`, `status`) VALUES
(1, '615421db-fd39-4d54-9e96-9fa6a53bf278', 'PT. AMAN LINTAS SAMUDRA', 'ALS', 'Kantor Pusat 	: Jl. Raya Delta III No. 20 Waru  Sidoarjo, Jawa Timur<br>\r\nKantor Cabang 	: Link. Sukajaya RT/03, RW/06, Kel. Mekarsari, Kec. Pulomerak, Kota Cilegon, Prov. Banten-42438', 'amanlintassamudra@gmail.com', '( 031 ) 855 7079', NULL, 0, 0, '1761625712_logo-als.jpg', 'A'),
(3, '229c3b71-d9ae-4cf0-ae69-e0c2c83a1f60', 'PT. TRI SAKTI LAUTAN MAS', 'TLM', 'Jl.Gatot Subroto No. 24 Ketapang, Banyuwangi,\r\nJawa Timur - Indonesia.', 'trimas.bwi@gmail.com', '+62 333 51 30040', NULL, 0, 0, '1761625634_Trimas.png', 'A'),
(4, '34d1ea59-3d0f-4889-9fb0-f4c4818f71e0', 'PT. TRIBUANA ANTAR NUSA', 'TRB', 'Plaza Sentral Lt.9 Sudirman, Jakarta Selatan', 'hrtribuana@gmail.com', '(021)5213833', NULL, 43243252, 4645756, '1761625733_Tribuana.png', 'A');
INSERT INTO `peta` (`id`, `uid`, `kode`, `id_perusahaan`, `id_kapal`, `no_bpi`, `tgl_terima`, `tgl_koreksi`, `id_pj`, `jml`, `no_peta`, `status`, `created_by`, `created_date`, `changed_by`, `changed_date`) VALUES
(1, '17cac423-526e-4172-bc97-80f00f49d304', 'el0510', 1, 2, 'BPI-0012025', '2025-11-07', '2025-11-04', 3, 3, 20, 'A', 1, '2025-11-06 23:28:00', 1, '2025-11-06 23:41:06');
INSERT INTO `previllage` (`id`, `nama`) VALUES
(1, 'SuperAdmin'),
(2, 'Admin Perusahaan'),
(3, 'Admin Kapal'),
(4, 'Karyawan');
INSERT INTO `prosedur` (`id`, `uid`, `id_perusahaan`, `kode`, `judul`, `no_dokumen`, `edisi`, `tgl_terbit`, `status_manual`, `cover`, `isi`, `prepered_by`, `enforced_by`, `status`, `file`, `url`, `created_by`, `created_date`, `changed_by`, `changed_date`) VALUES
(2, '4ca6cf87-3d9b-43c9-84fc-1f2a02608722', 1, 'Elemen 1', 'SISTEM MANAJEMEN KESELAMATAN', '1', '1', '2017-01-01', 'Controlled', '<h2 style=\"text-align: center;\">SISTEM MANAJEMEN KESELAMATAN</h2>\r\n<h2 style=\"text-align: center;\">PT. AMAN LINTAS SAMUDRA</h2>\r\n<h2 style=\"text-align: center;\"><span style=\"color: #3598db;\">ELEMEN 1 : U M U M</span></h2>\r\n<p><strong>A. DEFINISI</strong></p>\r\n<p><strong>&nbsp; &nbsp;1)&nbsp; ISM Code</strong></p>\r\n<p><strong>&nbsp; &nbsp;2)&nbsp; Perusahaan</strong></p>\r\n<p><strong>&nbsp; &nbsp;3)&nbsp; Pemerintah</strong></p>\r\n<p><strong>&nbsp; &nbsp;4)&nbsp; Sistem Manajemen Keselamatan</strong></p>\r\n<p><strong>&nbsp; &nbsp;5)&nbsp; <em>Document of Compliance</em></strong></p>\r\n<p><strong>&nbsp; &nbsp;6)&nbsp; <em>Safety Management Certificate</em></strong></p>\r\n<p><strong>&nbsp; &nbsp;7)&nbsp; Tujuan <em>(objective evidence)</em></strong></p>\r\n<p><strong>&nbsp; &nbsp;8)&nbsp; Observasi</strong></p>\r\n<p><strong>&nbsp; &nbsp;9)&nbsp; Ketidak sesuaian <em>(Non Conformity)</em></strong></p>\r\n<p><strong>&nbsp; 10) Ketidak sesuaian Mayor <em>(Major Non Conformity)</em></strong></p>\r\n<p><strong>&nbsp; 11) Istilah dan singkatan</strong></p>\r\n<p><strong>B. SASARAN</strong></p>\r\n<p><strong>&nbsp; &nbsp;1)&nbsp; Sasaran ISM Code</strong></p>\r\n<p><strong>&nbsp; &nbsp;2)&nbsp; Sasaran Manajemen Keselamatan Perusahaan</strong></p>\r\n<p><strong>&nbsp; &nbsp;3)&nbsp; Referensi Sistem Manajemen Keselamatan&nbsp;</strong></p>\r\n<p><strong>C. PENERAPAN</strong></p>\r\n<p><strong>D. PERSYARATAN SISTEM MANAJEMEN KESELAMATAN</strong></p>\r\n<p><strong>E. DAFTAR KAPAL YANG DIOPERASIKAN PT. AMAN LINTAS SAMUDRA</strong></p>', '<p style=\"text-align: justify;\"><span style=\"font-size: 14pt;\"><strong>A.<span style=\"white-space: pre;\"> </span>DEFINISI</strong></span></p>\r\n<p style=\"text-align: justify;\">&nbsp;</p>\r\n<p style=\"text-align: justify;\"><strong>1)<span style=\"white-space: pre;\"> </span>ISM Code</strong></p>\r\n<p style=\"text-align: justify;\">a.<span style=\"white-space: pre;\"> </span><em>International Safety Management</em> (ISM-Code) atau diterjemahkan menjadi Sistem Manajemen Keselamatan (SMK) merupakan konvensi (peraturan internasional) yang diterbitkan oleh <em>International Maritime Organization</em> (IMO) dan tertuang di dalam <em>Safety of Life at Sea</em> (SOLAS) 1974 amandemen tahun 1998.&nbsp;</p>\r\n<p style=\"text-align: justify;\">b.<span style=\"white-space: pre;\"> </span>ISM Code merupakan standard sistem manajemen keselamatan untuk pengoperasian kapal secara aman dan untuk pencegahan pencemaran lingkungan di laut.&nbsp;&nbsp;</p>\r\n<p style=\"text-align: justify;\">c.<span style=\"white-space: pre;\"> </span>Pada prinsipnya ISM Code bertujuan untuk menjamin keselamatan operasional kapal di laut, mencegah kecelakaan atau kematian, dan mencegah kerusakan pada lingkungan dan kapal.</p>\r\n<p style=\"text-align: justify;\">d.<span style=\"white-space: pre;\"> </span>Sistem Manajemen Keselamatan suatu perusahaan harus disetujui oleh Flag Administration atau suatu badan yang ditunjuk, yang kemudian badan tersebut menerbitkan sertifikat untuk perusahaan (DOC) dan untuk kapal (SMC).</p>\r\n<p style=\"text-align: justify;\">e.<span style=\"white-space: pre;\"> </span>Latar belakang terbitnya ISM-Code adalah karena sering terjadinya kecelakaan yang disebabkan oleh faktor manusia atau manajemen atau organisasi yang belum sepenuhnya memberi dukungan atas kebutuhan opersional kapal yang aman dan pencegahan pencemaran lingkungan.&nbsp;</p>\r\n<p style=\"text-align: justify;\">f.<span style=\"white-space: pre;\"> </span>ISM Code berperan menjadikan kapal sebagai tempat yang aman untuk bekerja, melindungi laut dan lingkungan / wilayah perairan, mendiskripsikan tugas dan wewenang secara jelas serta memberikan landasan hukum yang jelas.</p>\r\n<p style=\"text-align: justify;\"><strong>2)<span style=\"white-space: pre;\"> </span>Perusahaan</strong></p>\r\n<p style=\"text-align: justify;\"><span style=\"white-space: normal;\"><span style=\"white-space: pre;\"> </span>Perusahaan adalah PT.Aman Lintas Samudra, sebagai pihak yang menyusun Sistem&nbsp; Manajemen Keselamatan&nbsp; dalam rangka memperoleh <em>Document of Compliance</em> (DOC) dan <em>Safety Management Certificate</em> (SMC) untuk armada kapal miliknya.</span></p>\r\n<p style=\"text-align: justify;\"><strong>3)<span style=\"white-space: pre;\"> </span>Pemerintah</strong></p>\r\n<p style=\"text-align: justify;\"><span style=\"white-space: normal;\"><span style=\"white-space: pre;\"> </span>Pemerintah adalah seluruh Instansi Pemerintah RI baik di tingkat Pusat maupun Daerah yang mempunyai relevansi keterkaitan dengan industri pelayaran/penyeberangan dan penentuan peraturan serta penerapan Sistem Manajemen Keselamatan.</span></p>\r\n<p style=\"text-align: justify;\"><strong>4)<span style=\"white-space: pre;\"> </span>Sistem Manajemen Keselamatan</strong></p>\r\n<p style=\"text-align: justify;\"><span style=\"white-space: normal;\"><span style=\"white-space: pre;\"> </span>Sistem Manajemen Keselamatan PT. Aman Lintas Samudra didokumentasikan dalam bentuk buku pedoman (manual) Manajemen Keselamatan (Safety Management Manual) yang memenuhi ketentuan manajemen internasional dan nasional untuk keselamatan operasi kapal dan pencegahan pencemaran yang diterapkan pada kantor atau bagian-bagian dalam perusahaan serta kapal di bawah Manajemen Perusahaan.</span></p>\r\n<p style=\"text-align: justify;\"><strong>5)<span style=\"white-space: pre;\"> </span>Document of Compliance</strong></p>\r\n<p style=\"text-align: justify;\"><span style=\"white-space: normal;\"><span style=\"white-space: pre;\"> </span><em>Document of Compliance</em> adalah surat sertifikasi yang diterbitkan oleh Pemenrintah (atau lembaga yang diberi kewenangan) atas Sistem Manajemen Keselamatan perusahaan yang telah diverifikasi dan sesuai dengan ketentuan yang diatur dalam ISM Code maupun ketentuan lainnya yang berlaku.</span></p>\r\n<p style=\"text-align: justify;\"><em><strong>6)<span style=\"white-space: pre;\"> </span>Safety Management Certificate</strong></em></p>\r\n<p style=\"text-align: justify;\"><span style=\"white-space: normal;\"><span style=\"white-space: pre;\"> </span><em>Safety Management Certificate</em> adalah sertifikat yang diterbitkan oleh Pemerintah (atau lembaga yang ditunjuk) untuk Sistem Manajemen Keselamatan perusahaan, setelah Perusahaan memperoleh DOC dan setelah dilakukan verifikasi serta pengecekan di lapangan/kapal, bahwa Sistem Manajemen Keselamatan telah sesuai dengan ketentuan dan diterapkan di perusahaan/kapal.&nbsp;&nbsp;</span></p>\r\n<p style=\"text-align: justify;\"><em><strong>7)<span style=\"white-space: pre;\"> </span>Objective Evidence&nbsp;</strong></em></p>\r\n<p style=\"text-align: justify;\">&nbsp;</p>\r\n<p style=\"text-align: justify;\"><span style=\"white-space: normal;\"><span style=\"white-space: pre;\"> </span>Adalah informasi (laporan), fakta, pernyataan kualitatif atau kuantitatif hasil observasi tentang penerapan Sistem Manajemen Keselamatan di Perusahaan dan Kapal yang dapat diukur dan diverifikasi.</span></p>\r\n<p style=\"text-align: justify;\">&nbsp;</p>\r\n<p style=\"text-align: justify;\">&nbsp;</p>', 3, 4, 'A', NULL, 'pr', '1', '2025-09-03 22:14:28', NULL, '2025-11-03 21:36:14'),
(19, 'f16836e7-da11-44bc-8ef7-41202d00e810', 1, 'Elemen 2', 'KEBIJAKAN KESELAMATAN DAN PERLINDUNGAN  LINGKUNGAN', '01', '1', '2017-01-01', 'Controlled', NULL, NULL, 15, 3, 'A', '1759386487_ELEMEN_2.pdf', NULL, '1', '2025-10-02 06:28:06', NULL, '2025-10-08 23:09:00'),
(20, '0e3389fa-da7d-43e1-8dc9-3fed8b971f34', 1, 'Elemen 3', 'TANGGUNG JAWAB & WEWENANG ORGANISASI', '01', '1', '2017-01-01', 'Controlled', NULL, NULL, 15, 3, 'A', '1759386564_ELEMEN_3.pdf', NULL, '1', '2025-10-02 06:29:24', NULL, '2025-10-08 23:09:00'),
(21, '4650f619-662f-4c8e-a917-cfd09a48f16d', 1, 'Elemen 4', 'DESIGNATED PERSON ASHORE (DPA)', '01', '1', '2017-01-01', 'Controlled', NULL, NULL, 15, 3, 'A', '1759386640_ELEMEN_4.pdf', NULL, '1', '2025-10-02 06:30:39', NULL, '2025-10-08 23:09:00'),
(22, '62b05df1-408d-4081-9fe2-9b2c58005b64', 1, 'Elemen 5', 'TANGGUNG JAWAB & WEWENANG NAKHODA', '01', '1', '2017-01-01', 'Controlled', NULL, NULL, 15, 3, 'A', '1759386691_ELEMEN_5.pdf', NULL, '1', '2025-10-02 06:31:31', NULL, '2025-10-08 23:09:00'),
(23, 'fc0d98c2-9659-4600-9705-244194210fb7', 1, 'Elemen 6', 'SUMBER DAYA & PERSONIL', '01', '1', '2017-01-01', 'Controlled', NULL, NULL, 15, 3, 'A', '1759386741_ELEMEN_6.pdf', NULL, '1', '2025-10-02 06:32:21', NULL, '2025-10-08 23:09:00'),
(24, 'e3314fd2-e6d2-41a7-8ca9-6449439120b2', 4, 'TRB 1', 'Rencana Audit', NULL, NULL, '2017-01-01', NULL, NULL, NULL, 84, 26, 'A', '1761232574_FORM_ELEMEN_12.pdf', NULL, '11', '2025-10-23 15:16:13', NULL, '2025-10-23 15:22:11');
INSERT INTO `refrensi_doc` (`id`, `uid`, `kode`, `id_perusahaan`, `id_kapal`, `nama_doc`, `edisi`, `id_pj`, `lokasi`, `file`, `status`, `created_by`, `created_date`, `changed_by`, `changed_date`) VALUES
(1, 'e6727ad2-55dd-4ed8-bafe-42e870a3fd24', 'el0101', 1, NULL, 'Prosedur Kapal', '2', 12, 'ruang perpus', NULL, 'A', 1, '2025-09-05 22:05:37', 8, '2025-10-26 22:40:57'),
(2, 'e1667404-dadf-4891-b2b6-56bafb1930eb', 'el0101', 1, NULL, 'Data Kapal', '1', 4, 'ruang nahkoda', NULL, 'A', 1, '2025-09-05 22:12:10', NULL, '2025-10-26 22:40:57'),
(3, '1db4cdda-e58e-4434-b947-015061efd2a3', 'el0103', 1, 1, 'Dokumentasi Kapal ALS Elisa', '1', 3, 'ruang perpus', NULL, 'A', 1, '2025-09-08 19:34:59', NULL, '2025-10-26 22:41:41'),
(4, '8d66e259-8877-4528-9f4b-9a247da5b61c', 'el0103', 1, NULL, 'Dokumentasi Kapal ALS Elvina', '1', 4, 'ruang perpus', NULL, 'D', 1, '2025-09-08 19:35:28', NULL, '2025-10-26 22:40:57'),
(5, '75191a6f-3396-4b2e-b787-5eb479673b88', 'el0102', 1, 1, 'BUKU IMDG CODE VOLUME 1', '2006', 5, 'ANJUNGAN', NULL, 'A', 1, '2025-09-08 19:43:10', 8, '2025-10-26 22:41:48'),
(6, '5529ab22-8711-40e6-ad12-822c453c360d', 'el0102', 1, 1, 'BUKU IMDG CODE VOLUME 2', '2016', 5, 'ANJUNGAN', NULL, 'A', 1, '2025-09-08 19:43:27', 8, '2025-10-26 22:41:54'),
(7, '4dc0f095-11a7-485f-b33e-7ae1777f5db1', 'el0104', 1, 2, 'Denah Kapal ALS Elvina', '1', 12, 'kapal (ruang nahkoda)', NULL, 'A', 1, '2025-09-08 20:02:17', 1, '2025-10-26 22:42:00'),
(8, '87731382-ab03-46dc-bbf6-5888d81c6087', 'el0102', 1, 2, 'BUKU SOPEP POLA PENANGGULANGANKEADAAN DARURAT PENCEMARAN MINYAK DI KAPAL', '2017', 4, 'ANJUNGAN', NULL, 'A', 8, '2025-10-10 03:06:31', NULL, '2025-10-26 22:42:04'),
(9, '43f825f8-c51d-4f5f-b9dc-8bed7bc0dbb8', 'el0102', 1, 2, 'TONNAGE MEASUREMENT OF SHIPS 1969', '2016', 5, 'ANJUNGAN', NULL, 'A', 8, '2025-10-10 03:07:20', NULL, '2025-10-26 22:42:12'),
(10, '367d37d5-1c04-495e-be4a-4c043c40b8fe', 'el0102', 1, 1, 'SOLAS CONSOLIDATED 2024', '2024', 5, 'ANJUNGAN', NULL, 'A', 8, '2025-10-10 03:07:47', NULL, '2025-10-26 22:42:16'),
(11, '77b1fe99-e57a-4593-9a9b-b6439690bd41', 'el0102', 1, 2, 'SISTEM MANAJEMEN KESELAMATAN ( SMK MANUAL ) DECK', '2017', 3, 'ANJUNGAN', NULL, 'A', 8, '2025-10-10 03:08:51', NULL, '2025-10-26 22:42:23'),
(12, '176837ed-c995-45b2-9a49-69d5250f4759', 'el0102', 1, 1, 'SISTEM MANAJEMEN KESELAMATAN ( SMK MANUAL ) MESIN', '2017', 11, 'ANJUNGAN', NULL, 'A', 8, '2025-10-10 03:09:14', NULL, '2025-10-26 22:42:26'),
(13, 'b50ef145-daed-456c-8897-9c1df92e273c', 'el0102', 3, 6, 'Buku IMD Code Volume 1', '2021', 206, 'anjungan', '1761580282_DAFTAR_NIK_CREW_KMP._ALS_ELISA.pdf', 'A', 1, '2025-10-27 14:59:30', 1, '2025-10-27 15:51:22'),
(14, 'c3d034b1-f6d4-4910-9a3b-2eea6a6584f8', 'el0101', 3, NULL, 'Buku Keselamatan Kapal', '2020', 27, 'anjungan', '1761603409_Spek_Kapal_ALS_Elvina.pdf', 'A', 12, '2025-10-27 22:16:46', 12, '2025-10-27 22:17:19');
INSERT INTO `review` (`id`, `uid`, `kode`, `id_perusahaan`, `id_kapal`, `no_review`, `tgl_review`, `tgl_diterima`, `hasil`, `ket`, `id_nahkoda`, `id_dpa`, `status`, `created_by`, `created_date`, `changed_by`, `changed_date`) VALUES
(1, '47c1e77e-d51d-4cac-8f0f-0ebe7c402b42', 'el0512', 3, 4, '20251113', '2025-11-10', '2025-11-15', '<p>sudah dilaksanakan</p>', '<p>bagus, terima kasih banyak</p>', 156, 27, 'A', 1, '2025-11-12 23:18:14', 1, '2025-11-15 05:08:53');
INSERT INTO `sampah` (`id`, `uid`, `kode`, `id_perusahaan`, `id_kapal`, `tanggal`, `jenis`, `id_pj`, `lokasi`, `status`, `created_by`, `created_date`, `changed_by`, `changed_date`) VALUES
(1, '8e03e8df-e6e6-4530-afdf-383d6c7dcf23', 'el0503', 3, 3, '2025-11-07', 'air kotor', 137, 'tengah laut', 'A', 1, '2025-11-06 21:34:05', NULL, '2025-11-06 21:34:05'),
(2, 'e4356613-33c4-4ea0-ae76-209269cc188a', 'el0503', 3, 3, '2025-11-14', 'sampah daur ulang', 133, 'pelabuhan', 'A', 1, '2025-11-14 04:21:02', NULL, '2025-11-14 04:21:03'),
(3, '26f5d7b8-7f50-4ffa-931a-881ed2670f34', 'el0503', 3, 4, '2025-11-08', 'sisa makanan', 174, 'pelabuhan', 'A', 1, '2025-11-14 04:33:21', NULL, '2025-11-14 04:33:21');
INSERT INTO `sessions` (`id`, `user_id`, `ip_address`, `user_agent`, `payload`, `last_activity`) VALUES
('RCezp2AZbH1aZ0Utor5n9hD9MHH7T5747i0SGGy1', NULL, '127.0.0.1', 'Mozilla/5.0 (Windows NT 10.0; Win64; x64) AppleWebKit/537.36 (KHTML, like Gecko) Chrome/142.0.0.0 Safari/537.36', 'YToxMTp7czo2OiJfdG9rZW4iO3M6NDA6InZ6Tk1ibVNVRGFDRzllTEIzaGNKa2hhTUpVNGRIUUlFSzVXQVdYMVciO3M6OToiX3ByZXZpb3VzIjthOjE6e3M6MzoidXJsIjtzOjcwOiJodHRwOi8vMTI3LjAuMC4xOjgwMDAva29uZGl0ZS9wZGYvOTM5NWVjMjItNzczNi00MjZlLWI0NzMtZDE0M2UzYjM3ODVjIjt9czo2OiJfZmxhc2giO2E6Mjp7czozOiJvbGQiO2E6MDp7fXM6MzoibmV3IjthOjA6e319czo2OiJ1c2VyaWQiO2k6MTtzOjg6InVzZXJuYW1lIjtzOjE0OiJhZG1pbkB0ZXN0LmNvbSI7czo0OiJuYW1lIjtzOjU6IkFkbWluIjtzOjEwOiJwcmV2aWxsYWdlIjtpOjE7czoxMToiaWRfa2FyeWF3YW4iO2k6MDtzOjEzOiJpZF9wZXJ1c2FoYWFuIjtpOjE7czozOiJwaWMiO3M6Njoic2Fkc2FkIjtzOjU6ImxvZ2luIjtiOjE7fQ==', 1764314735);
INSERT INTO `status_ptkp` (`id`, `kode`, `nama`, `tarif`) VALUES
(1, 'TK0', 'TK0 (Tanpa Tanggungan)', 54000000),
(2, 'TK1', 'TK1 (1 Tanggungan)', 58500000),
(3, 'TK2', 'TK2 (2 Tanggungan)', 63000000),
(4, 'TK3', 'TK3 (3 Tanggungan)', 67500000),
(5, 'K0', 'K0 (Tanpa Tanggungan)', 58500000),
(6, 'K1', 'K1 (1 Tanggungan)', 63000000),
(7, 'K2', 'K2 (2 Tanggungan)', 67500000),
(8, 'K3', 'K3 (3 Tanggungan)', 72000000),
(9, 'K/I/0', 'K/I/0 (Tanpa Tanggungan)', 112500000),
(10, 'K/I/1', 'K/I/1 (1 Tanggungan)', 117000000),
(11, 'K/I/2', 'K/I/2 (2 Tanggungan)', 121500000),
(12, 'K/I/3', 'K/I/3 (3 Tanggungan)', 126000000);
INSERT INTO `user` (`id`, `username`, `password`, `nama`, `pic`, `id_previllage`, `status`, `id_karyawan`, `id_perusahaan`, `id_kapal`, `created_by`, `created_date`, `changed_by`, `changed_date`) VALUES
(1, 'admin@test.com', '$2y$12$ZbN9NO7v9Rh5AMEi69crEufMHRRZ11qL6fcSHqTvWEyAMkADNg8U.', 'Admin', 'sadsad', 1, 'A', 0, 1, 0, 'citra', '2025-11-25 09:10:53', 'dsads', '2025-06-18 16:30:54'),
(2, 'wantekheru@als.com', '7c4a8d09ca3762af61e59520943dc26494f8941b', 'Wantek Heru W.', NULL, NULL, 'A', 3, 1, 2, NULL, '2025-10-24 10:23:44', '13', NULL),
(3, 'nurfathoni@als.com', '7c4a8d09ca3762af61e59520943dc26494f8941b', 'NURFATHONI. F', NULL, NULL, 'A', 4, 1, 2, '1', '2025-10-10 07:51:44', '8', NULL),
(4, 'mohsaiful@als.com', '7c4a8d09ca3762af61e59520943dc26494f8941b', 'Mohamad Saiful', NULL, NULL, 'A', 11, 1, 2, '1', '2025-10-10 07:52:24', '8', NULL),
(5, 'gunturcahyo@als.com', '7c4a8d09ca3762af61e59520943dc26494f8941b', 'GUNTUR CAHYO. S', NULL, NULL, 'A', 12, 1, 2, '1', '2025-10-10 03:43:24', '8', NULL),
(6, 'joniyoga@als.com', '$2y$12$KRtf96QpMUIfGc6Fc5aWEO1bDWBCGSV6NucKsqd6WssJE7EaK7JR6', 'JONI YOGA P.S,ST', NULL, NULL, 'A', 15, 1, 2, '1', '2025-10-10 07:51:12', '8', NULL),
(7, 'aguschobib@als.com', '$2y$12$WBsl.u3RXXm.pkf3sQ6Bqu0FCf.jfOasGIWEcVamPK42CYpFlLzXa', 'AGUS CHOBIB', NULL, NULL, 'A', 16, 1, 2, '1', '2025-10-10 07:52:57', '8', NULL),
(8, '1377010706000001', '$2y$12$mdL1vYrtr6m24XuJUpo6v.pO0lYfYhHXyYJLBtBmi3BzMQEp81zOy', 'AL FIQRI', NULL, NULL, 'A', 18, 1, NULL, '1', '2025-10-13 07:42:58', '8', NULL),
(9, '3672031804710001', '$2y$12$Sfxg9IeSTPNiCXwsxFDAoud1LyWWFynfjFdTLepd.1XzAVHHOhJnm', 'ALEXANDER', NULL, NULL, 'A', 19, 1, 2, '1', '2025-10-10 07:50:57', '8', NULL),
(10, 'antomeis@als.com', '$2y$12$k9jesEBse1MvbaTDs4X0Yuv5kHXcsKaFF82a6ORd0CVfvaeEwzetK', 'ANTO MEI SURYONO', NULL, 4, 'A', 25, 1, NULL, '8', '2025-10-10 08:04:23', NULL, NULL),
(11, '3525130501680017', '$2y$12$WQjplLR8teGtVJjX5n0aF.itk27upr3ie7DK1ZY2ftGv6r8n6a4Qe', 'MARDIYANTO', NULL, 2, 'A', 26, 4, NULL, NULL, '2025-10-23 21:39:03', '1', NULL),
(12, '3510212510840004', '$2y$12$ir4bKGAwwcQT2daGufeRbOh6woAB.iuFWDYiqm3YJFdPSH133R3Ti', 'ARIF MUHAZALIN', NULL, 2, 'A', 27, 3, NULL, NULL, '2025-10-24 10:34:23', '1', NULL),
(13, '1214062702890002', '$2y$12$qF5TBJ.Mx5wDZ20VCJUtaOEqbTatt9qAAJLcvY0gsz0c9U9tEZAUO', 'BENAR HATI LOI ', NULL, 3, 'A', 28, 1, 2, NULL, '2025-10-24 10:04:57', '1', NULL),
(14, '3672020908840001', '$2y$12$w4A2PBDya.33zQv78VErousXa1o/OfaI1eLtqM3/bGhPNPsUXzBXW', 'DISMA ANDRI AGUSTIANTO', NULL, 4, 'A', 86, 4, 5, NULL, '2025-10-23 15:07:22', NULL, NULL),
(15, '67891012345', '$2y$12$bJqWpLQ1sv3anLs/H7KXfO2RH9BTBTMtgIrP8N7ey/VSDl91xApM.', 'USER KAPAL', NULL, 3, 'A', 223, 1, 1, NULL, '2025-11-01 06:57:47', '1', NULL);
INSERT INTO `view_prosedur` (`id`, `id_user`, `id_prosedur`, `jml_lihat`, `jml_download`, `update_lihat`, `update_download`) VALUES
(1, 7, 2, 3, 1, '2025-10-07 08:17:43', '2025-10-07 08:27:24'),
(2, 7, 19, 2, 0, '2025-10-07 08:17:21', NULL),
(3, 7, 22, 1, 0, '2025-10-07 08:14:22', NULL),
(4, 7, 21, 0, 1, NULL, '2025-10-07 08:28:30'),
(5, 13, 2, 2, 1, '2025-10-21 08:07:17', '2025-10-21 08:08:27'),
(6, 13, 19, 2, 0, '2025-10-21 08:07:37', NULL),
(7, 13, 22, 1, 2, '2025-10-21 08:10:02', '2025-10-21 08:03:32'),
(8, 13, 20, 1, 2, '2025-10-21 08:04:28', '2025-10-21 08:03:41'),
(9, 13, 23, 1, 0, '2025-10-21 08:10:09', NULL),
(10, 14, 24, 3, 0, '2025-11-07 08:07:25', NULL);
